FishID,RelDate,Location,Vessel,NetSet,MeshSize,FL,TL,TagNum,TagVal,RelCond,StuType,PitNum,LenCat,ageing_ID
23639,8/6/2014,SsnB,StrII,1,7,73,82,,0,NA,NoTag,0,sub,4
23640,8/6/2014,SsnB,StrII,1,7,83,93,,0,NA,NoTag,0,sub,3
23641,8/6/2014,SsnB,StrII,1,7,86,97,,0,NA,NoTag,0,sub,5
23642,8/6/2014,SsnB,StrII,1,8,76,85,,0,NA,NoTag,0,sub,6
23643,8/6/2014,SsnB,StrII,1,8,76,85,,0,NA,NoTag,0,sub,10
23644,8/6/2014,SsnB,StrII,1,8,77,87,,0,NA,NoTag,0,sub,1
23645,8/6/2014,SsnB,StrII,1,8,79,89,,0,NA,NoTag,0,sub,8
23646,8/6/2014,SsnB,StrII,1,8,84,94,,0,NA,NoTag,0,sub,7
23647,8/6/2014,SsnB,StrII,2,6,85,95,,0,NA,NoTag,0,sub,9
23648,8/6/2014,SsnB,StrII,2,7,76,85,,0,NA,NoTag,0,sub,2
23649,8/6/2014,SsnB,StrII,2,8,88,99,,0,NA,NoTag,0,sub,11
23650,8/6/2014,SsnB,StrII,3,8,81,91,,0,NA,NoTag,0,sub,12
23651,8/6/2014,SsnB,StrII,4,7,107,120,FF1987,50,good,Tag,NA,leg,
23652,8/6/2014,SsnB,StrII,4,8,98,110,,0,NA,NoTag,0,sub,13
23653,8/6/2014,SsnB,StrII,4,8,132,147,ST12987,20,good,Tag,NA,leg,
23654,8/6/2014,SsnB,StrII,5,6,81,91,,0,NA,NoTag,0,sub,16
23655,8/6/2014,SsnB,StrII,5,7,83,93,,0,NA,NoTag,0,sub,15
23656,8/6/2014,SsnB,StrII,5,7,105,118,HH1987,100,good,Tag,NA,leg,
23657,8/6/2014,SsnB,StrII,5,8,94,105,,0,NA,NoTag,0,sub,14
23658,8/7/2014,SsnB,StrII,1,8,83,93,,0,NA,NoTag,0,sub,17
23659,8/7/2014,SsnB,StrII,1,6,70,79,,0,NA,NoTag,0,sub,18
23660,8/7/2014,SsnB,StrII,1,6,73,82,,0,NA,NoTag,0,sub,19
23661,8/7/2014,SsnB,StrII,2,0,73,82,,0,NA,NoTag,0,sub,26
23663,8/7/2014,SsnB,StrII,1,6,67,75,,0,NA,NoTag,0,sub,20
23664,8/7/2014,SsnB,StrII,1,8,93,104,,0,NA,NoTag,0,sub,21
23665,8/7/2014,SsnB,StrII,2,0,82,92,,0,NA,NoTag,0,sub,22
23666,8/7/2014,SsnB,StrII,2,8,86,97,,0,NA,NoTag,0,sub,23
23667,8/7/2014,SsnB,StrII,2,8,82,92,,0,NA,NoTag,0,sub,25
23668,8/7/2014,SsnB,StrII,2,0,77,87,,0,NA,NoTag,0,sub,27
23669,8/7/2014,SsnB,StrII,2,0,79,89,,0,NA,NoTag,0,sub,29
23670,8/7/2014,SsnB,StrII,2,0,78,88,,0,NA,NoTag,0,sub,30
23671,8/7/2014,SsnB,StrII,2,0,69,78,,0,NA,NoTag,0,sub,31
23672,8/7/2014,SsnB,StrII,2,0,93,104,,0,NA,NoTag,0,sub,32
23673,8/7/2014,SsnB,StrII,2,0,75,84,,0,NA,NoTag,0,sub,33
23674,8/7/2014,SsnB,StrII,2,0,90,101,,0,NA,NoTag,0,sub,34
23675,8/7/2014,SsnB,StrII,2,0,77,87,,0,NA,NoTag,0,sub,35
23676,8/7/2014,SsnB,StrII,2,0,55,62,,0,NA,NoTag,0,sub,36
23677,8/7/2014,SsnB,StrII,2,0,87,98,,0,NA,NoTag,0,sub,37
23678,8/7/2014,SsnB,StrII,2,7,89,100,,0,NA,NoTag,0,sub,38
23679,8/7/2014,SsnB,StrII,2,7,79,89,,0,NA,NoTag,0,sub,39
23680,8/7/2014,SsnB,StrII,2,7,55,62,,0,NA,NoTag,0,sub,40
23681,8/7/2014,SsnB,StrII,3,8,75,84,,0,NA,NoTag,0,sub,41
23682,8/7/2014,SsnB,StrII,3,8,74,83,,0,NA,NoTag,0,sub,42
23683,8/7/2014,SsnB,StrII,3,7,78,88,,0,NA,NoTag,0,sub,43
23684,8/7/2014,SsnB,StrII,3,7,78,88,,0,NA,NoTag,0,sub,44
23685,8/7/2014,SsnB,StrII,4,6,77,87,,0,NA,NoTag,0,sub,45
23686,8/7/2014,SsnB,StrII,4,8,87,98,,0,NA,NoTag,0,sub,46
23687,8/7/2014,SsnB,StrII,4,8,77,87,,0,NA,NoTag,0,sub,47
23688,8/7/2014,SsnB,StrII,4,7,59,67,,0,NA,NoTag,0,sub,48
23689,8/7/2014,SsnB,StrII,4,7,86,97,,0,NA,NoTag,0,sub,49
23690,8/7/2014,SsnB,StrII,5,7,68,77,,0,NA,NoTag,0,sub,50
23691,8/7/2014,SsnB,StrII,2,0,91,102,,0,NA,NoTag,0,sub,24
23692,8/7/2014,SsnB,StrII,2,6,91,102,,0,NA,NoTag,0,sub,28
23693,8/17/2015,SsnB,StrII,1,8,158,176,HF2133,150,good,Tag,NA,ovr,3100
23694,8/17/2015,SsnB,StrII,2,7,64,72,,0,NA,NoTag,0,sub,3101
23695,8/11/2014,SsnB,NewAl,1,7,92,103,FF2123,50,good,Tag,NA,sub,
23696,8/11/2014,SsnB,NewAl,2,7,77,87,,0,NA,NoTag,0,sub,52
23697,8/11/2014,SsnB,NewAl,4,7,75,84,,0,NA,NoTag,0,sub,53
23698,8/11/2014,SsnB,NewAl,5,0,96,108,ST13124,20,good,Tag,NA,sub,
23699,8/11/2014,SsnB,NewAl,5,0,98,110,HH2123,100,good,Tag,NA,sub,
23700,8/11/2014,SsnB,NewAl,5,7,85,95,,0,NA,NoTag,0,sub,54
23701,8/11/2014,SsnB,NewAl,5,7,106,119,FF2124,50,good,Tag,NA,leg,
23703,8/12/2014,SsnB,NewAl,2,7,102,114,HH2124,100,good,Tag,NA,leg,
23704,8/12/2014,SsnB,NewAl,5,8,118,132,ST13125,20,good,Tag,NA,leg,
23705,8/12/2014,SsnB,StrII,2,8,174,194,ST12989,20,good,Tag,NA,ovr,
23706,8/12/2014,SsnB,StrII,4,8,87,98,,0,NA,NoTag,0,sub,55
23707,8/12/2014,SsnB,StrII,4,8,115,129,HH1988,100,good,Tag,NA,leg,
23708,8/12/2014,SsnB,StrII,5,6,107,120,FF1989,50,good,Tag,NA,leg,
23709,8/13/2014,SsnB,StrII,2,8,115,129,HH1989,100,good,Tag,NA,leg,
23710,8/13/2014,SsnB,StrII,3,6,114,128,FF1990,50,good,Tag,NA,leg,
23711,8/13/2014,SsnB,StrII,3,7,114,128,HH1990,100,good,Tag,NA,leg,
23712,8/13/2014,SsnB,StrII,3,8,136,152,ST12990,20,good,Tag,NA,leg,
23713,8/13/2014,SsnB,StrII,4,6,63,71,,0,NA,NoTag,0,sub,56
23714,8/13/2014,SsnB,StrII,4,7,85,95,,0,NA,NoTag,0,sub,57
23715,8/13/2014,SsnB,StrII,4,7,104,116,FF1991,50,good,Tag,NA,leg,
23716,8/13/2014,SsnB,StrII,4,7,107,120,ST12991,20,good,Tag,NA,leg,
23717,8/13/2014,SsnB,StrII,5,6,88,99,ST12992,20,good,Tag,NA,sub,
23718,8/13/2014,SsnB,StrII,5,6,92,103,FF1992,50,good,Tag,NA,sub,
23719,8/13/2014,SsnB,StrII,5,6,100,112,HH1991,100,good,Tag,NA,sub,
23720,8/14/2014,SnPB,NewAl,1,6,96,108,HH2125,100,good,Tag,NA,sub,
23723,8/14/2014,SnPB,NewAl,1,8,132,147,FF2125,50,good,Tag,NA,leg,
23724,8/14/2014,SnPB,NewAl,2,6,94,105,HH1975,100,good,Tag,NA,sub,
23725,8/14/2014,SnPB,NewAl,2,7,76,85,,0,NA,NoTag,0,sub,
23726,8/14/2014,SnPB,NewAl,2,7,89,100,,0,NA,NoTag,0,sub,
23727,8/14/2014,SnPB,NewAl,2,7,92,103,FF1975,50,good,Tag,NA,sub,
23728,8/14/2014,SnPB,NewAl,3,6,80,90,,0,NA,NoTag,0,sub,
23729,8/14/2014,SnPB,NewAl,4,6,84,94,,0,NA,NoTag,0,sub,
23732,8/14/2014,SsnB,StrII,1,7,90,101,HH1992,100,good,Tag,NA,sub,
23733,8/14/2014,SsnB,StrII,4,8,104,116,ST12993,20,good,Tag,NA,leg,
23734,8/14/2014,SsnB,StrII,5,6,80,90,,0,NA,NoTag,0,sub,59
23735,8/14/2014,SsnB,StrII,5,6,85,95,,0,NA,NoTag,0,sub,58
23736,8/14/2014,SsnB,StrII,5,7,88,99,HH1993,100,good,Tag,NA,sub,
23737,8/14/2014,SsnB,StrII,5,7,98,110,ST12994,20,good,Tag,NA,sub,
23738,8/14/2014,SsnB,StrII,5,8,129,144,FF1993,50,good,Tag,NA,leg,
23739,8/18/2014,SnPB,NewAl,1,8,173,193,ST12976,20,good,Tag,NA,ovr,
23740,8/18/2014,SsnB,StrII,1,7,109,122,FF1994,50,good,Tag,NA,leg,
23741,8/19/2014,SsnB,StrII,1,7,120,134,HH1994,100,good,Tag,NA,leg,
23742,8/19/2014,SsnB,StrII,2,8,121,135,ST12995,20,fair,Tag,NA,leg,
23743,8/19/2014,SsnB,StrII,4,6,69,78,,0,NA,NoTag,0,sub,60
23744,8/19/2014,SsnB,StrII,4,6,81,91,,0,NA,NoTag,0,sub,61
23745,8/20/2014,SsnB,NewAl,1,6,86,97,,0,NA,NoTag,0,sub,1B
23746,8/20/2014,SsnB,NewAl,1,7,105,118,FF1976,50,good,Tag,NA,leg,
23747,8/20/2014,SsnB,NewAl,1,8,92,103,HH1976,100,good,Tag,NA,sub,
23748,8/20/2014,SsnB,NewAl,3,7,95,106,ST12977,20,good,Tag,NA,sub,
23750,8/20/2014,SsnB,StrII,1,6,67,75,,0,NA,NoTag,0,sub,62
23751,8/20/2014,SsnB,StrII,1,6,83,93,,0,NA,NoTag,0,sub,63
23752,8/20/2014,SsnB,StrII,2,8,108,121,HH1995,100,good,Tag,NA,leg,
23753,8/20/2014,SsnB,StrII,2,8,114,128,FF1995,50,good,Tag,NA,leg,
23754,8/20/2014,SsnB,StrII,5,6,78,88,,0,NA,NoTag,0,sub,64
23755,8/21/2014,SsnB,NewAl,1,8,134,150,FF1977,50,good,Tag,NA,leg,
23756,8/21/2014,SsnB,NewAl,2,7,111,124,HH1977,100,fair,Tag,NA,leg,
23757,8/21/2014,SsnB,NewAl,2,8,77,87,,0,NA,NoTag,0,sub,
23758,8/21/2014,SsnB,NewAl,2,8,82,92,,0,NA,NoTag,0,sub,
23759,8/21/2014,SsnB,NewAl,2,8,86,97,,0,NA,NoTag,0,sub,
23760,8/21/2014,SsnB,NewAl,2,8,97,109,FF1978,50,good,Tag,NA,sub,
23761,8/21/2014,SsnB,NewAl,2,8,149,166,ST12978,20,good,Tag,NA,leg,
23762,8/21/2014,SsnB,NewAl,4,6,89,100,ST12979,20,good,Tag,NA,sub,
23763,8/21/2014,SsnB,NewAl,4,8,80,90,,0,NA,NoTag,0,sub,
23764,8/21/2014,SsnB,NewAl,4,8,118,132,HH1978,100,good,Tag,NA,leg,
23765,8/21/2014,SsnB,NewAl,5,8,150,167,FF1979,50,good,Tag,NA,leg,
23766,8/21/2014,SsnB,StrII,1,8,89,100,ST12996,20,good,Tag,NA,sub,
23768,8/21/2014,SsnB,StrII,2,7,76,85,,0,NA,NoTag,0,sub,65
23769,8/21/2014,SsnB,StrII,2,7,89,100,HH1996,100,good,Tag,NA,sub,
23770,8/21/2014,SsnB,StrII,2,7,106,119,FF1996,50,good,Tag,NA,leg,
23771,8/21/2014,SsnB,StrII,2,8,89,100,ST12997,20,good,Tag,NA,sub,
23772,8/21/2014,SsnB,StrII,2,8,113,126,HH1997,100,good,Tag,NA,leg,
23773,8/21/2014,SsnB,StrII,2,8,133,149,FF1997,50,good,Tag,NA,leg,
23774,8/25/2014,SsnB,StrII,1,6,159,177,ST12998,20,good,Tag,NA,ovr,
23775,8/25/2014,SsnB,StrII,3,8,98,110,FF1998,50,good,Tag,NA,sub,
23776,8/25/2014,SsnB,StrII,3,8,160,178,HH1998,100,good,Tag,NA,ovr,
23777,8/25/2014,SsnB,StrII,4,6,69,78,,0,NA,NoTag,0,sub,66
23778,8/25/2014,SsnB,StrII,4,6,143,160,ST12999,20,good,Tag,NA,leg,
23779,8/25/2014,SsnB,StrII,5,7,153,171,HH1999,100,fair,Tag,NA,ovr,
23780,8/25/2014,SsnB,StrII,5,8,142,158,FF1999,50,good,Tag,NA,leg,
23781,8/26/2014,SsnB,NewAl,1,8,90,101,HH1979,100,good,Tag,NA,sub,
23782,8/26/2014,SsnB,NewAl,2,8,148,165,ST12980,20,good,Tag,NA,leg,
23783,8/26/2014,SsnB,NewAl,4,6,62,70,,0,NA,NoTag,0,sub,
23784,8/26/2014,SsnB,NewAl,5,8,136,152,FF1980,50,good,Tag,NA,leg,
23785,8/26/2014,SsnB,StrII,1,6,120,134,HH2221,100,good,Tag,NA,leg,
23786,8/26/2014,SsnB,StrII,2,6,66,74,,0,NA,NoTag,0,sub,67
23787,8/26/2014,SsnB,StrII,3,6,127,142,ST13222,20,good,Tag,NA,leg,
23788,8/26/2014,SsnB,StrII,3,8,137,153,FF2222,50,good,Tag,NA,leg,
23789,8/26/2014,SsnB,StrII,4,6,89,100,HH2222,100,good,Tag,NA,sub,
23790,8/26/2014,SsnB,StrII,4,8,95,106,ST13223,20,good,Tag,NA,sub,
23791,8/26/2014,SsnB,StrII,5,6,78,88,,0,NA,NoTag,0,sub,68
23792,8/27/2014,SsnB,StrII,1,6,94,105,FF2223,50,good,Tag,NA,sub,
23794,8/27/2014,SsnB,StrII,1,7,83,93,,0,good,Recap,NA,sub,
23795,8/27/2014,SsnB,StrII,1,8,163,182,HH2223,100,good,Tag,NA,ovr,
23796,8/27/2014,SsnB,StrII,2,6,81,91,,0,NA,NoTag,0,sub,70
23797,8/27/2014,SsnB,StrII,2,7,87,98,,0,NA,NoTag,0,sub,69
23798,8/27/2014,SsnB,StrII,3,6,62,70,,0,NA,NoTag,0,sub,71
23799,8/27/2014,SsnB,StrII,3,6,88,99,ST13224,20,good,Tag,NA,sub,
23800,8/27/2014,SsnB,StrII,3,8,94,105,FF2224,50,good,Tag,NA,sub,
23801,8/27/2014,SsnB,StrII,4,6,116,130,ST13225,20,fair,Tag,NA,leg,
23802,8/27/2014,SsnB,StrII,4,7,95,106,HH2225,100,good,Tag,NA,sub,
23803,8/27/2014,SsnB,StrII,4,8,100,112,FF2225,50,good,Tag,NA,sub,
23804,8/27/2014,SsnB,StrII,4,8,105,118,HH2224,100,good,Tag,NA,leg,
23805,8/28/2014,SsnB,NewAl,2,7,100,112,HH1980,100,good,Tag,NA,sub,
23806,8/28/2014,SsnB,NewAl,3,8,144,161,ST12981,20,good,Tag,NA,leg,
23807,8/28/2014,SsnB,NewAl,4,6,82,92,,0,NA,NoTag,0,sub,
23808,8/28/2014,SsnB,NewAl,4,8,104,116,FF1981,50,good,Tag,NA,leg,
23810,9/3/2014,SsnB,StrII,1,6,89,100,ST13226,20,good,Tag,NA,sub,
23811,9/3/2014,SsnB,StrII,1,7,76,85,,0,NA,NoTag,0,sub,72
23812,9/3/2014,SsnB,StrII,2,6,78,88,,0,NA,NoTag,0,sub,
23813,9/3/2014,SsnB,StrII,4,7,94,105,HH2226,100,good,Tag,NA,sub,
23814,9/3/2014,SsnB,StrII,4,7,100,112,FF2226,50,good,Tag,NA,sub,
23815,9/3/2014,SsnB,StrII,4,8,102,114,ST13227,20,good,Tag,NA,leg,
23816,9/3/2014,SsnB,StrII,5,8,152,170,FF2227,50,good,Tag,NA,leg,
23817,9/4/2014,SsnB,NewAl,6,7,105,118,HH1981,100,fair,Tag,NA,leg,
23818,9/4/2014,SsnB,NewAl,6,8,147,164,ST12982,20,good,Tag,NA,leg,
23819,9/4/2014,SsnB,StrII,1,7,83,93,,0,NA,NoTag,0,sub,73
23821,9/8/2014,SsnB,NewAl,1,8,86,97,,0,NA,NoTag,0,sub,
23822,9/8/2014,SsnB,NewAl,5,6,82,92,,0,NA,NoTag,0,sub,
23823,9/8/2014,SsnB,NewAl,5,7,87,98,HH1982,100,good,Tag,NA,sub,
23824,9/8/2014,SsnB,NewAl,5,8,125,140,FF1982,50,good,Tag,NA,leg,
23825,9/8/2014,SsnB,StrII,1,8,94,105,HH2227,100,good,Tag,NA,sub,
23826,9/8/2014,SsnB,StrII,2,6,74,83,,0,NA,NoTag,0,sub,74
23827,9/8/2014,SsnB,StrII,2,6,81,91,,0,NA,NoTag,0,sub,76
23828,9/8/2014,SsnB,StrII,2,6,85,95,,0,NA,NoTag,0,sub,75
23829,9/8/2014,SsnB,StrII,2,6,94,105,ST13228,20,good,Tag,NA,sub,
23830,9/8/2014,SsnB,StrII,2,7,80,90,,0,NA,NoTag,0,sub,77
23831,9/8/2014,SsnB,StrII,2,8,83,93,,0,NA,NoTag,0,sub,
23832,9/8/2014,SsnB,StrII,2,8,130,145,FF2228,50,good,Tag,NA,leg,
23833,9/8/2014,SsnB,StrII,3,6,76,85,,0,NA,NoTag,0,sub,
23834,9/8/2014,SsnB,StrII,3,6,144,161,ST13229,20,good,Tag,NA,leg,
23835,9/8/2014,SsnB,StrII,3,7,80,90,,0,NA,NoTag,0,sub,
23836,9/8/2014,SsnB,StrII,3,8,126,141,HH2228,100,good,Tag,NA,leg,
23837,9/8/2014,SsnB,StrII,5,6,84,94,,0,NA,NoTag,0,sub,79
23838,9/8/2014,SsnB,StrII,5,7,65,73,,0,NA,NoTag,0,sub,78
23839,9/8/2014,SsnB,StrII,5,7,84,94,,0,NA,NoTag,0,sub,80
23840,9/9/2014,SnPB,NewAl,1,8,114,128,ST12983,20,good,Tag,NA,leg,
23841,9/9/2014,SnPB,NewAl,2,6,70,79,,0,NA,NoTag,0,sub,
23842,9/9/2014,SnPB,NewAl,2,6,82,92,,0,NA,NoTag,0,sub,
23843,9/9/2014,SnPB,NewAl,2,6,88,99,,0,NA,NoTag,0,sub,
23844,9/9/2014,SsnB,StrII,1,8,101,113,HH2229,100,good,Tag,NA,sub,
23845,9/9/2014,SsnB,StrII,1,8,112,125,ST13230,20,good,Tag,NA,leg,
23846,9/9/2014,SsnB,StrII,1,8,126,141,FF2229,50,good,Tag,NA,leg,
23847,9/9/2014,SsnB,StrII,1,8,150,167,FF2230,50,good,Tag,NA,leg,
23848,9/9/2014,SsnB,StrII,1,8,158,176,HH2230,100,good,Tag,NA,ovr,
23849,9/9/2014,SsnB,StrII,3,7,61,69,,0,NA,NoTag,0,sub,81
23850,9/9/2014,SsnB,StrII,3,7,167,186,HH2231,100,good,Tag,NA,ovr,
23851,9/9/2014,SsnB,StrII,3,8,82,92,,0,NA,NoTag,0,sub,82
23852,9/9/2014,SsnB,StrII,3,8,99,111,ST13231,20,good,Tag,NA,sub,
23853,9/9/2014,SsnB,StrII,3,8,152,170,FF2231,50,good,Tag,NA,leg,
23854,9/9/2014,SsnB,StrII,4,7,101,113,ST13232,20,good,Tag,NA,sub,
23855,9/10/2014,SsnB,NewAl,4,7,64,72,,0,NA,NoTag,0,sub,
23856,9/10/2014,SsnB,NewAl,4,7,80,90,,0,NA,NoTag,0,sub,
23857,9/10/2014,SsnB,NewAl,4,7,81,91,,0,NA,NoTag,0,sub,
23858,9/10/2014,SsnB,NewAl,4,7,87,98,,0,NA,NoTag,0,sub,
23859,9/10/2014,SsnB,NewAl,5,7,81,91,,0,NA,NoTag,0,sub,
23860,9/10/2014,SsnB,NewAl,5,7,82,92,,0,NA,NoTag,0,sub,
23861,9/10/2014,SsnB,NewAl,5,7,83,93,,0,NA,NoTag,0,sub,
23862,9/10/2014,SsnB,NewAl,5,7,168,187,FF1983,50,good,Tag,NA,ovr,
23863,9/10/2014,SsnB,NewAl,5,8,106,119,HH1983,100,good,Tag,NA,leg,
23864,9/10/2014,SsnB,StrII,1,8,124,139,FF2232,50,fair,Tag,NA,leg,
23865,9/10/2014,SsnB,StrII,2,6,86,97,,0,NA,NoTag,0,sub,83
23866,9/10/2014,SsnB,StrII,2,8,77,87,,0,NA,NoTag,0,sub,
23867,9/10/2014,SsnB,StrII,2,8,98,110,HH2232,100,good,Tag,NA,sub,
23868,9/10/2014,SsnB,StrII,3,8,112,125,FF2233,50,good,Tag,NA,leg,
23869,9/10/2014,SsnB,StrII,3,8,175,195,ST13233,20,good,Tag,NA,ovr,
23870,9/10/2014,SsnB,StrII,4,7,78,88,,0,NA,NoTag,0,sub,
23871,9/10/2014,SsnB,StrII,4,7,183,204,HH2233,100,good,Tag,NA,ovr,
23873,9/10/2014,SsnB,StrII,4,8,101,113,ST13234,20,good,Tag,NA,sub,
23874,9/11/2014,SsnB,NewAl,3,7,86,97,,0,NA,NoTag,0,sub,
23875,9/11/2014,SsnB,NewAl,3,7,96,108,FF1984,50,good,Tag,NA,sub,
23876,9/11/2014,SsnB,NewAl,3,7,114,128,ST12984,20,good,Tag,NA,leg,
23877,9/11/2014,SsnB,NewAl,3,8,173,193,HH1984,100,good,Tag,NA,ovr,
23879,9/11/2014,SsnB,StrII,3,8,81,91,,0,NA,NoTag,0,sub,
23880,9/11/2014,SsnB,StrII,5,7,80,90,,0,NA,NoTag,0,sub,85
23881,9/11/2014,SsnB,StrII,5,7,84,94,,0,NA,NoTag,0,sub,84
23882,9/11/2014,SsnB,StrII,5,7,101,113,HH2234,100,good,Tag,NA,sub,
23883,9/11/2014,SsnB,StrII,5,8,81,91,,0,NA,NoTag,0,sub,
23884,9/11/2014,SsnB,StrII,5,8,81,91,,0,NA,NoTag,0,sub,
23885,9/11/2014,SsnB,StrII,5,8,92,103,FF2234,50,good,Tag,NA,sub,
23886,9/15/2014,SsnB,NewAl,5,7,110,123,ST12985,20,good,Tag,NA,leg,
23887,9/15/2014,SsnB,StrII,1,7,77,87,,0,NA,NoTag,0,sub,
23888,9/15/2014,SsnB,StrII,2,7,108,121,FF2235,50,good,Tag,NA,leg,
23889,9/15/2014,SsnB,StrII,2,7,123,137,ST13235,20,good,Tag,NA,leg,
23890,9/15/2014,SsnB,StrII,3,6,104,116,HH2235,100,good,Tag,NA,leg,
23891,9/16/2014,SsnB,StrII,1,8,74,83,,0,NA,NoTag,0,sub,86
23893,9/16/2014,SsnB,StrII,2,8,58,66,,0,NA,NoTag,0,sub,87
23894,9/16/2014,SsnB,StrII,2,7,62,70,,0,NA,NoTag,0,sub,88
23895,9/16/2014,SsnB,StrII,3,6,60,68,,0,NA,NoTag,0,sub,89
23896,9/16/2014,SsnB,StrII,3,7,60,68,,0,NA,NoTag,0,sub,90
23897,9/16/2014,SsnB,NewAl,1,6,79,89,,0,NA,NoTag,0,sub,2B
23898,9/16/2014,SsnB,NewAl,4,8,68,77,,0,NA,NoTag,0,sub,3B
23899,9/16/2014,SsnB,NewAl,4,7,69,78,,0,NA,NoTag,0,sub,4B
23900,9/16/2014,SsnB,NewAl,5,7,87,98,,0,NA,NoTag,0,sub,5B
23901,9/16/2014,SsnB,NewAl,3,7,95,106,FF1985,50,good,Tag,NA,sub,
23902,9/16/2014,SsnB,NewAl,3,7,184,205,ST12986,20,good,Tag,NA,ovr,
23903,9/16/2014,SsnB,NewAl,3,8,120,134,HH1985,100,good,Tag,NA,leg,
23904,9/16/2014,SsnB,NewAl,4,8,93,104,FF1986,50,good,Tag,NA,sub,
23905,9/16/2014,SsnB,NewAl,5,7,105,118,ST13245,20,good,Tag,NA,leg,
23906,9/16/2014,SsnB,NewAl,5,8,125,140,HH1986,100,good,Tag,NA,leg,
23907,9/16/2014,SsnB,StrII,1,7,77,87,,0,NA,NoTag,0,sub,
23908,9/16/2014,SsnB,StrII,1,7,78,88,,0,NA,NoTag,0,sub,
23909,9/16/2014,SsnB,StrII,1,7,83,93,,0,NA,NoTag,0,sub,
23910,9/16/2014,SsnB,StrII,1,8,89,100,ST13236,20,good,Tag,NA,sub,
23911,9/16/2014,SsnB,StrII,1,8,98,110,FF2236,50,good,Tag,NA,sub,
23912,9/16/2014,SsnB,StrII,2,8,105,118,HH2236,100,good,Tag,NA,leg,
23913,9/16/2014,SsnB,StrII,3,7,77,87,,0,NA,NoTag,0,sub,
23914,9/16/2014,SsnB,StrII,3,8,159,177,ST13237,20,good,Tag,NA,ovr,
23915,9/16/2014,SsnB,StrII,5,7,106,119,FF2237,50,good,Tag,NA,leg,
23916,9/17/2014,SsnB,NewAl,1,7,85,95,,0,NA,NoTag,0,sub,
23917,9/17/2014,SsnB,NewAl,1,7,99,111,FF2245,50,good,Tag,NA,sub,
23918,9/17/2014,SsnB,NewAl,1,8,81,91,,0,NA,NoTag,0,sub,
23919,9/17/2014,SsnB,NewAl,1,8,89,100,,0,NA,NoTag,0,sub,
23920,9/17/2014,SsnB,NewAl,2,6,80,90,,0,NA,NoTag,0,sub,6B
23921,9/17/2014,SsnB,NewAl,2,7,77,87,,0,NA,NoTag,0,sub,
23922,9/17/2014,SsnB,NewAl,2,7,78,88,,0,NA,NoTag,0,sub,
23923,9/17/2014,SsnB,NewAl,2,7,95,106,ST13246,20,good,Tag,NA,sub,
23924,9/17/2014,SsnB,NewAl,2,8,99,111,HH2245,100,good,Tag,NA,sub,
23925,9/17/2014,SsnB,NewAl,4,8,97,109,FF2246,50,good,Tag,NA,sub,
23926,9/17/2014,SsnB,NewAl,5,7,87,98,HH2246,100,good,Tag,NA,sub,
23927,9/17/2014,SsnB,NewAl,6,7,117,131,ST13247,20,good,Tag,NA,leg,
23928,9/17/2014,SsnB,StrII,1,6,74,83,,0,NA,NoTag,0,sub,91
23929,9/17/2014,SsnB,StrII,2,8,86,97,HH2237,100,good,Tag,NA,sub,
23930,9/17/2014,SsnB,StrII,3,7,74,83,,0,NA,NoTag,0,sub,92
23931,9/17/2014,SsnB,StrII,4,8,144,161,ST13238,20,good,Tag,NA,leg,
23932,9/17/2014,SsnB,StrII,5,7,85,95,,0,NA,NoTag,0,sub,
23933,9/18/2014,SsnB,NewAl,1,6,75,84,,0,NA,NoTag,0,sub,7B
23934,9/18/2014,SsnB,NewAl,1,6,89,100,FF2248,50,good,Tag,NA,sub,
23935,9/18/2014,SsnB,NewAl,1,6,101,113,ST13248,20,good,Tag,NA,sub,
23936,9/18/2014,SsnB,NewAl,1,7,89,100,ST13249,20,good,Tag,NA,sub,
23937,9/18/2014,SsnB,NewAl,1,7,99,111,HH2248,100,good,Tag,NA,sub,
23938,9/18/2014,SsnB,NewAl,1,7,149,166,FF2249,50,good,Tag,NA,leg,
23939,9/18/2014,SsnB,NewAl,1,8,88,99,FF2247,50,good,Tag,NA,sub,
23940,9/18/2014,SsnB,NewAl,1,8,105,118,HH2247,100,good,Tag,NA,leg,
23941,9/18/2014,SsnB,NewAl,2,7,79,89,,0,NA,NoTag,0,sub,8B
23942,9/18/2014,SsnB,NewAl,2,7,85,95,,0,NA,NoTag,0,sub,
23943,9/18/2014,SsnB,NewAl,4,7,74,83,,0,NA,NoTag,0,sub,9B
23944,9/18/2014,SsnB,NewAl,4,7,82,92,,0,NA,NoTag,0,sub,10B
23945,9/18/2014,SsnB,NewAl,6,7,93,104,HH2249,100,good,Tag,NA,sub,
23946,9/18/2014,SsnB,StrII,1,6,85,95,,0,NA,NoTag,0,sub,
23947,9/18/2014,SsnB,StrII,1,7,146,163,FF2238,50,good,Tag,NA,leg,
23948,9/18/2014,SsnB,StrII,2,6,80,90,,0,NA,NoTag,0,sub,93
23949,9/18/2014,SsnB,StrII,3,6,82,92,,0,NA,NoTag,0,sub,94
23952,9/22/2014,SsnB,NewAl,1,6,101,113,ST13250,20,fair,Tag,NA,sub,
23953,9/22/2014,SsnB,NewAl,1,7,82,92,,0,NA,NoTag,0,sub,
23954,9/22/2014,SsnB,NewAl,2,6,132,147,FF2250,50,good,Tag,NA,leg,
23955,9/22/2014,SsnB,NewAl,4,6,63,71,,0,NA,NoTag,0,sub,11B
23956,9/22/2014,SsnB,NewAl,4,6,67,75,,0,NA,NoTag,0,sub,12B
23957,9/22/2014,SsnB,NewAl,4,6,74,83,,0,NA,NoTag,0,sub,14B
23958,9/22/2014,SsnB,NewAl,4,7,63,71,,0,NA,NoTag,0,sub,13B
23959,9/22/2014,SsnB,NewAl,5,6,69,78,,0,NA,NoTag,0,sub,15B
23960,9/22/2014,SsnB,NewAl,5,6,76,85,,0,NA,NoTag,0,sub,
23961,9/22/2014,SsnB,NewAl,5,6,76,85,,0,NA,NoTag,0,sub,
23962,9/22/2014,SsnB,NewAl,5,6,81,91,,0,NA,NoTag,0,sub,
23963,9/22/2014,SsnB,NewAl,5,6,83,93,,0,NA,NoTag,0,sub,
23964,9/22/2014,SsnB,NewAl,5,6,89,100,FF2251,50,good,Tag,NA,sub,
23965,9/22/2014,SsnB,NewAl,5,6,183,204,ST13251,20,good,Tag,NA,ovr,
23966,9/22/2014,SsnB,NewAl,5,7,86,97,,0,NA,NoTag,0,sub,
23967,9/22/2014,SsnB,NewAl,5,7,103,115,HH2251,100,good,Tag,NA,leg,
23968,9/22/2014,SsnB,NewAl,5,8,87,98,HH2250,100,good,Tag,NA,sub,
23969,9/22/2014,SsnB,NewAl,6,6,83,93,,0,NA,NoTag,0,sub,
23970,9/22/2014,SsnB,NewAl,6,7,95,106,ST13259,20,good,Tag,NA,sub,
23971,9/22/2014,SsnB,StrII,3,8,112,125,HH2238,100,good,Tag,NA,leg,
23972,9/22/2014,SsnB,StrII,4,7,79,89,,0,NA,NoTag,0,sub,
23973,9/22/2014,SsnB,StrII,5,7,87,98,,0,NA,NoTag,0,sub,
23974,9/22/2014,SsnB,StrII,5,8,111,124,ST13239,20,good,Tag,NA,leg,
23976,9/23/2014,SsnB,NewAl,1,6,76,85,,0,NA,NoTag,0,sub,
23977,9/23/2014,SsnB,NewAl,2,6,62,70,,0,NA,NoTag,0,sub,
23978,9/23/2014,SsnB,NewAl,2,6,72,81,,0,NA,NoTag,0,sub,16B
23979,9/23/2014,SsnB,NewAl,3,7,162,181,FF2259,50,good,Tag,NA,ovr,
23980,9/23/2014,SsnB,NewAl,5,7,82,92,,0,NA,NoTag,0,sub,
23981,9/23/2014,SsnB,StrII,1,6,85,95,,0,NA,NoTag,0,sub,
23982,9/23/2014,SsnB,StrII,1,6,94,105,FF2239,50,good,Tag,NA,sub,
23983,9/23/2014,SsnB,StrII,2,7,90,101,HH2239,100,good,Tag,NA,sub,
23984,9/23/2014,SsnB,StrII,2,8,83,93,,0,NA,NoTag,0,sub,
23985,9/23/2014,SsnB,StrII,3,6,81,91,,0,NA,NoTag,0,sub,
23986,9/23/2014,SsnB,StrII,3,6,87,98,ST13240,20,good,Tag,NA,sub,
23987,9/23/2014,SsnB,StrII,3,6,90,101,FF2240,50,good,Tag,NA,sub,
23988,9/23/2014,SsnB,StrII,3,7,81,91,,0,NA,NoTag,0,sub,
23989,9/23/2014,SsnB,StrII,3,7,81,91,,0,NA,NoTag,0,sub,
23990,9/23/2014,SsnB,StrII,3,7,82,92,,0,NA,NoTag,0,sub,
23991,9/23/2014,SsnB,StrII,3,7,86,97,,0,NA,NoTag,0,sub,
23992,9/23/2014,SsnB,StrII,3,8,82,92,,0,NA,NoTag,0,sub,
23993,9/23/2014,SsnB,StrII,3,8,96,108,HH2240,100,good,Tag,NA,sub,
23994,9/23/2014,SsnB,StrII,5,6,83,93,,0,NA,NoTag,0,sub,
23995,9/23/2014,SsnB,StrII,5,6,84,94,,0,NA,NoTag,0,sub,
23997,9/23/2014,SsnB,StrII,5,7,69,78,,0,NA,NoTag,0,sub,
23998,9/23/2014,SsnB,StrII,5,7,70,79,,0,NA,NoTag,0,sub,
23999,9/23/2014,SsnB,StrII,5,7,71,80,,0,NA,NoTag,0,sub,95
24000,9/23/2014,SsnB,StrII,5,7,79,89,,0,NA,NoTag,0,sub,
24001,9/23/2014,SsnB,StrII,5,8,55,62,,0,NA,NoTag,0,sub,97
24002,9/23/2014,SsnB,StrII,5,8,84,94,,0,NA,NoTag,0,sub,96
24003,9/23/2014,SsnB,StrII,5,8,90,101,ST13241,20,good,Tag,NA,sub,
24004,9/23/2014,SsnB,StrII,5,8,172,192,FF2241,50,good,Tag,NA,ovr,
24005,9/23/2014,SsnB,StrII,6,6,80,90,,0,NA,NoTag,0,sub,
24006,9/23/2014,SsnB,StrII,6,8,133,149,HH2241,100,good,Tag,NA,leg,
24008,9/24/2014,SsnB,NewAl,2,7,92,103,,0,NA,NoTag,0,sub,17B
24009,9/24/2014,SsnB,StrII,1,7,92,103,FF2242,50,good,Tag,NA,sub,
24010,9/24/2014,SsnB,StrII,1,8,94,105,ST13242,20,good,Tag,NA,sub,
24011,9/24/2014,SsnB,StrII,1,8,138,154,HH2242,100,good,Tag,NA,leg,
24012,9/24/2014,SsnB,StrII,3,7,81,91,,0,NA,NoTag,0,sub,
24013,9/24/2014,SsnB,StrII,3,8,91,102,ST13243,20,good,Tag,NA,sub,
24014,9/24/2014,SsnB,StrII,4,7,140,156,FF2243,50,good,Tag,NA,leg,
24015,9/24/2014,SsnB,StrII,4,8,83,93,,0,NA,NoTag,0,sub,
24016,9/24/2014,SsnB,StrII,5,7,112,125,HH2243,100,good,Tag,NA,leg,
24017,9/25/2014,SsnB,NewAl,3,6,76,85,,0,NA,NoTag,0,sub,
24018,9/25/2014,SsnB,NewAl,3,6,90,101,HH2259,100,good,Tag,NA,sub,
24019,9/25/2014,SsnB,NewAl,3,7,78,88,,0,NA,NoTag,0,sub,
24020,9/25/2014,SsnB,NewAl,3,8,80,90,,0,NA,NoTag,0,sub,
24021,9/25/2014,SsnB,NewAl,4,6,76,85,,0,NA,NoTag,0,sub,
24022,9/25/2014,SsnB,NewAl,5,6,70,79,,0,NA,NoTag,0,sub,18B
24023,9/25/2014,SsnB,NewAl,5,6,84,94,,0,NA,NoTag,0,sub,
24024,9/25/2014,SsnB,StrII,1,7,88,99,ST13244,20,good,Tag,NA,sub,
24025,9/25/2014,SsnB,StrII,3,6,125,140,FF2244,50,good,Tag,NA,leg,
24026,9/25/2014,SsnB,StrII,3,7,80,90,,0,NA,NoTag,0,sub,
24027,9/25/2014,SsnB,StrII,4,7,78,88,,0,NA,NoTag,0,sub,
24028,9/25/2014,SsnB,StrII,4,7,81,91,,0,NA,NoTag,0,sub,
24029,9/25/2014,SsnB,StrII,4,8,102,114,HH2244,100,good,Tag,NA,leg,
24030,9/29/2014,SsnB,StrII,1,7,78,88,,0,NA,NoTag,0,sub,
24031,9/29/2014,SsnB,StrII,2,6,80,90,,0,NA,NoTag,0,sub,
24032,9/29/2014,SsnB,StrII,3,7,145,162,FF2252,50,good,Tag,NA,leg,
24033,9/29/2014,SsnB,StrII,3,7,148,165,ST13252,20,good,Tag,NA,leg,
24035,9/30/2014,SsnB,StrII,2,6,88,99,FF2253,50,good,Tag,NA,sub,
24036,9/30/2014,SsnB,StrII,2,7,97,109,HH2252,100,good,Tag,NA,sub,
24037,9/30/2014,SsnB,StrII,2,7,157,175,ST13253,20,good,Tag,NA,ovr,
24038,9/30/2014,SsnB,StrII,3,7,65,73,,0,NA,NoTag,0,sub,98
24039,9/30/2014,SsnB,StrII,3,8,94,105,ST13254,20,good,Tag,NA,sub,
24040,9/30/2014,SsnB,StrII,3,8,101,113,HH2253,100,good,Tag,NA,sub,
24041,9/30/2014,SsnB,StrII,5,7,86,97,,0,NA,NoTag,0,sub,
24042,9/30/2014,SsnB,StrII,5,7,180,201,FF2254,50,good,Tag,NA,ovr,
24043,10/2/2014,SsnB,NewAl,1,6,81,91,,0,NA,NoTag,0,sub,
24044,10/2/2014,SsnB,NewAl,2,6,60,68,,0,NA,NoTag,0,sub,19B
24045,10/2/2014,SsnB,NewAl,3,6,81,91,,0,NA,NoTag,0,sub,
24046,10/2/2014,SsnB,NewAl,3,7,107,120,ST13260,20,good,Tag,NA,leg,
24047,10/2/2014,SsnB,NewAl,5,6,55,62,,0,NA,NoTag,0,sub,20B
24048,10/2/2014,SsnB,NewAl,5,6,83,93,,0,NA,NoTag,0,sub,
24049,10/2/2014,SsnB,NewAl,5,7,89,100,FF2260,50,good,Tag,NA,sub,
24050,10/2/2014,SsnB,StrII,1,7,87,98,,0,NA,NoTag,0,sub,
24051,10/2/2014,SsnB,StrII,1,7,88,99,HH2254,100,good,Tag,NA,sub,
24052,10/2/2014,SsnB,StrII,2,7,88,99,ST13255,20,good,Tag,NA,sub,
24053,10/2/2014,SsnB,StrII,3,7,73,82,,0,NA,NoTag,0,sub,99
24054,10/2/2014,SsnB,StrII,3,7,84,94,,0,NA,NoTag,0,sub,
24055,10/2/2014,SsnB,StrII,4,7,100,112,FF2255,50,fair,Tag,NA,sub,
24056,10/2/2014,SsnB,StrII,5,7,82,92,,0,NA,NoTag,0,sub,
24057,10/6/2014,SsnB,NewAl,1,7,89,100,HH2260,100,good,Tag,NA,sub,
24058,10/6/2014,SsnB,NewAl,2,6,97,109,ST13261,20,good,Tag,NA,sub,
24059,10/6/2014,SsnB,StrII,1,7,94,105,HH2255,100,good,Tag,NA,sub,
24060,10/6/2014,SsnB,StrII,4,8,131,146,ST13256,20,good,Tag,NA,leg,
24061,10/7/2014,SsnB,StrII,1,7,88,99,,0,NA,NoTag,0,sub,100
24062,10/7/2014,SsnB,StrII,1,7,67,75,,0,NA,NoTag,0,sub,101
24063,10/7/2014,SsnB,StrII,2,7,55,62,,0,NA,NoTag,0,sub,102
24064,10/7/2014,SsnB,StrII,2,7,56,63,,0,NA,NoTag,0,sub,103
24065,10/7/2014,SsnB,StrII,2,7,63,71,,0,NA,NoTag,0,sub,104
24067,10/7/2014,SsnB,StrII,5,7,72,81,,0,NA,NoTag,0,sub,105
24068,10/7/2014,SsnB,NewAl,3,6,61,69,,0,NA,NoTag,0,sub,21B
24069,10/7/2014,SsnB,NewAl,3,7,70,79,,0,NA,NoTag,0,sub,22B
24070,10/7/2014,SsnB,NewAl,1,6,77,87,,0,NA,NoTag,0,sub,
24071,10/7/2014,SsnB,NewAl,1,8,93,104,FF2261,50,good,Tag,NA,sub,
24072,10/7/2014,SsnB,NewAl,2,6,75,84,,0,NA,NoTag,0,sub,
24073,10/7/2014,SsnB,NewAl,2,8,99,111,ST13262,20,good,Tag,NA,sub,
24074,10/7/2014,SsnB,NewAl,2,8,122,136,HH2261,100,good,Tag,NA,leg,
24075,10/7/2014,SsnB,NewAl,3,6,75,84,,0,NA,NoTag,0,sub,
24076,10/7/2014,SsnB,NewAl,3,7,85,95,,0,NA,NoTag,0,sub,
24077,10/7/2014,SsnB,NewAl,5,6,82,92,,0,NA,NoTag,0,sub,
24078,10/7/2014,SsnB,NewAl,5,6,88,99,ST13263,20,good,Tag,NA,sub,
24079,10/7/2014,SsnB,NewAl,5,6,94,105,HH2262,100,good,Tag,NA,sub,
24080,10/7/2014,SsnB,NewAl,5,6,95,106,FF2263,50,good,Tag,NA,sub,
24081,10/7/2014,SsnB,NewAl,5,7,77,87,,0,NA,NoTag,0,sub,
24082,10/7/2014,SsnB,NewAl,5,7,90,101,ST13264,20,good,Tag,NA,sub,
24083,10/7/2014,SsnB,NewAl,5,7,105,118,HH2263,100,good,Tag,NA,leg,
24084,10/7/2014,SsnB,NewAl,5,7,132,147,FF2264,50,good,Tag,NA,leg,
24085,10/7/2014,SsnB,NewAl,5,8,85,95,,0,NA,NoTag,0,sub,
24086,10/7/2014,SsnB,NewAl,5,8,125,140,FF2262,50,good,Tag,NA,leg,
24087,10/7/2014,SsnB,StrII,1,7,76,85,,0,NA,NoTag,0,sub,
24088,10/7/2014,SsnB,StrII,1,7,82,92,,0,NA,NoTag,0,sub,
24089,10/7/2014,SsnB,StrII,1,7,142,158,HH2256,100,good,Tag,NA,leg,
24090,10/7/2014,SsnB,StrII,1,8,146,163,FF2256,50,good,Tag,NA,leg,
24091,10/7/2014,SsnB,StrII,2,7,81,91,,0,NA,NoTag,0,sub,
24092,10/7/2014,SsnB,StrII,2,7,99,111,ST13257,20,good,Tag,NA,sub,
24093,10/7/2014,SsnB,StrII,2,7,142,158,FF2257,50,good,Tag,NA,leg,
24094,10/7/2014,SsnB,StrII,3,8,77,87,,0,NA,NoTag,0,sub,
24095,10/7/2014,SsnB,StrII,3,8,103,115,HH2257,100,good,Tag,NA,leg,
24096,10/7/2014,SsnB,StrII,3,8,114,128,HH2258,100,good,Tag,NA,leg,
24097,10/7/2014,SsnB,StrII,3,8,120,134,ST13258,20,good,Tag,NA,leg,
24098,10/7/2014,SsnB,StrII,3,8,168,187,FF2258,50,good,Tag,NA,ovr,
24099,10/7/2014,SsnB,StrII,4,7,80,90,,0,NA,NoTag,0,sub,
24100,10/8/2014,SsnB,NewAl,1,6,141,157,HH2264,100,good,Tag,NA,leg,
24101,10/8/2014,SsnB,NewAl,2,6,77,87,,0,NA,NoTag,0,sub,
24102,10/8/2014,SsnB,NewAl,2,6,108,121,ST13265,20,good,Tag,NA,leg,
24103,10/8/2014,SsnB,NewAl,3,6,64,72,,0,NA,NoTag,0,sub,23B
24104,10/8/2014,SsnB,NewAl,3,6,75,84,,0,NA,NoTag,0,sub,
24105,10/8/2014,SsnB,NewAl,3,6,85,95,,0,NA,NoTag,0,sub,
24106,10/8/2014,SsnB,NewAl,6,7,84,94,FF2265,50,good,Tag,NA,sub,
24107,10/8/2014,SsnB,NewAl,6,7,99,111,HH2265,100,good,Tag,NA,sub,
24108,10/8/2014,SsnB,NewAl,7,6,75,84,,0,NA,NoTag,0,sub,
24109,10/8/2014,SsnB,NewAl,7,7,76,85,,0,NA,NoTag,0,sub,
24110,10/8/2014,SsnB,StrII,1,6,97,109,FF2266,50,good,Tag,NA,sub,
24111,10/8/2014,SsnB,StrII,1,7,86,97,,0,NA,NoTag,0,sub,
24112,10/8/2014,SsnB,StrII,1,8,71,80,,0,NA,NoTag,0,sub,107
24113,10/8/2014,SsnB,StrII,1,8,98,110,HH2266,100,good,Tag,NA,sub,
24114,10/8/2014,SsnB,StrII,1,8,115,129,ST13266,20,good,Tag,NA,leg,
24115,10/8/2014,SsnB,StrII,1,8,204,227,ST13267,20,good,Tag,NA,ovr,106
24116,10/8/2014,SsnB,StrII,3,8,93,104,HH2267,100,good,Tag,NA,sub,
24117,10/8/2014,SsnB,StrII,3,8,97,109,FF2267,50,good,Tag,NA,sub,
24118,10/8/2014,SsnB,StrII,5,6,97,109,ST13268,20,good,Tag,NA,sub,
24119,10/8/2014,SsnB,StrII,5,7,98,110,FF2268,50,good,Tag,NA,sub,
24121,10/9/2014,SsnB,StrII,1,7,136,152,HH2268,100,good,Tag,NA,leg,
24122,10/9/2014,SsnB,StrII,1,8,90,101,ST13269,20,good,Tag,NA,sub,
24124,10/9/2014,SsnB,StrII,2,8,142,158,FF2269,50,good,Tag,NA,leg,
24125,10/9/2014,SsnB,StrII,3,7,91,102,ST13270,20,good,Tag,NA,sub,
24126,10/9/2014,SsnB,StrII,3,7,104,116,HH2270,100,good,Tag,NA,leg,
24127,10/9/2014,SsnB,StrII,3,7,149,166,HH2269,100,good,Tag,NA,leg,
24128,10/9/2014,SsnB,StrII,3,7,177,197,FF2270,50,good,Tag,NA,ovr,
24129,10/9/2014,SsnB,StrII,3,8,80,90,,0,NA,NoTag,0,sub,
24130,10/9/2014,SsnB,StrII,4,7,91,102,ST13271,20,good,Tag,NA,sub,
24131,10/9/2014,SsnB,StrII,4,8,140,156,FF2271,50,good,Tag,NA,leg,
24132,10/9/2014,SsnB,StrII,4,8,149,166,ST13272,20,good,Tag,NA,leg,
24133,10/9/2014,SsnB,StrII,4,8,152,170,HH2271,100,good,Tag,NA,leg,
24134,10/9/2014,SsnB,StrII,5,8,139,155,FF2272,50,good,Tag,NA,leg,
24135,10/13/2014,SsnB,NewAl,2,7,110,123,ST13274,20,good,Tag,NA,leg,
24136,10/13/2014,SsnB,NewAl,2,7,134,150,FF2273,50,good,Tag,NA,leg,
24137,10/13/2014,SsnB,NewAl,2,7,144,161,HH2273,100,good,Tag,NA,leg,
24138,10/13/2014,SsnB,NewAl,2,8,160,178,ST13273,20,good,Tag,NA,ovr,
24139,10/13/2014,SsnB,NewAl,3,6,72,81,,0,NA,NoTag,0,sub,24B
24140,10/13/2014,SsnB,NewAl,4,7,82,92,,0,NA,NoTag,0,sub,
24142,10/13/2014,SsnB,StrII,5,7,80,90,,0,NA,NoTag,0,sub,
24143,10/13/2014,SsnB,StrII,5,7,88,99,,0,NA,NoTag,0,sub,108
24144,10/13/2014,SsnB,StrII,5,8,130,145,HH2272,100,good,Tag,NA,leg,
24145,10/14/2014,SsnB,NewAl,1,6,80,90,,0,NA,NoTag,0,sub,
24146,10/14/2014,SsnB,NewAl,4,7,93,104,FF2274,50,good,Tag,NA,sub,
24147,10/14/2014,SsnB,NewAl,4,7,114,128,HH2274,100,good,Tag,NA,leg,
24148,10/14/2014,SsnB,NewAl,5,6,89,100,,0,NA,NoTag,0,sub,
24149,10/14/2014,SsnB,StrII,2,7,85,95,,0,NA,NoTag,0,sub,
24150,10/14/2014,SsnB,StrII,3,6,70,79,,0,NA,NoTag,0,sub,109
24151,10/14/2014,SsnB,StrII,3,8,145,162,ST13280,20,good,Tag,NA,leg,
24152,10/14/2014,SsnB,StrII,4,6,70,79,,0,NA,NoTag,0,sub,110
24154,10/15/2014,SsnB,NewAl,2,6,75,84,,0,NA,NoTag,0,sub,
24155,10/15/2014,SsnB,NewAl,2,7,75,84,,0,NA,NoTag,0,sub,
24156,10/15/2014,SsnB,NewAl,3,6,75,84,,0,NA,NoTag,0,sub,
24157,10/15/2014,SsnB,NewAl,3,6,80,90,,0,NA,NoTag,0,sub,
24158,10/15/2014,SsnB,NewAl,3,6,87,98,ST13275,20,good,Tag,NA,sub,
24159,10/15/2014,SsnB,NewAl,3,7,101,113,FF2275,50,good,Tag,NA,sub,
24160,10/15/2014,SsnB,NewAl,4,6,62,70,,0,NA,NoTag,0,sub,25B
24161,10/15/2014,SsnB,NewAl,5,6,86,97,HH2275,100,good,Tag,NA,sub,
24162,10/15/2014,SsnB,NewAl,6,6,82,92,,0,NA,NoTag,0,sub,
24163,10/15/2014,SsnB,StrII,3,6,84,94,,0,NA,NoTag,0,sub,
24164,10/15/2014,SsnB,StrII,3,7,84,94,,0,NA,NoTag,0,sub,
24165,10/16/2014,SsnB,NewAl,2,6,58,66,,0,NA,NoTag,0,sub,26B
24166,10/16/2014,SsnB,NewAl,2,6,76,85,,0,NA,NoTag,0,sub,
24167,10/16/2014,SsnB,NewAl,2,6,82,92,,0,NA,NoTag,0,sub,
24168,10/16/2014,SsnB,NewAl,2,6,83,93,,0,NA,NoTag,0,sub,
24169,10/16/2014,SsnB,NewAl,2,6,93,104,ST13276,20,fair,Tag,NA,sub,
24170,10/16/2014,SsnB,StrII,1,6,104,116,HH2280,100,good,Tag,NA,leg,
24171,10/16/2014,SsnB,StrII,1,7,73,82,,0,NA,NoTag,0,sub,
24172,10/16/2014,SsnB,StrII,1,8,98,110,FF2280,50,good,Tag,NA,sub,
24173,10/20/2014,SsnB,StrII,2,7,62,70,,0,NA,NoTag,0,sub,111
24174,10/21/2014,SsnB,StrII,1,7,107,120,,0,fair,Recap,NA,leg,
24175,10/21/2014,SsnB,StrII,1,7,91,102,FF2281,50,good,Tag,NA,sub,
24176,10/21/2014,SsnB,StrII,1,7,114,128,ST13281,20,good,Tag,NA,leg,
24177,10/21/2014,SsnB,StrII,2,8,157,175,HH2281,100,good,Tag,NA,ovr,
24178,10/21/2014,SsnB,StrII,3,7,89,100,ST13282,20,good,Tag,NA,sub,
24179,10/21/2014,SsnB,StrII,5,7,82,92,,0,NA,NoTag,0,sub,
24180,10/21/2014,SsnB,StrII,5,7,129,144,FF2282,50,good,Tag,NA,leg,
24181,10/22/2014,SsnB,StrII,3,7,80,90,,0,NA,NoTag,0,sub,
24182,10/22/2014,SsnB,StrII,4,8,76,85,,0,NA,NoTag,0,sub,
24183,10/22/2014,SsnB,StrII,5,7,72,81,,0,NA,NoTag,0,sub,112
24184,10/22/2014,SsnB,StrII,5,8,98,110,FF2276,50,good,Tag,NA,sub,
24185,8/17/2015,SsnB,StrII,2,8,92,103,,0,NA,NoTag,0,sub,3102
24186,8/17/2015,SsnB,StrII,4,7,134,150,FF2134,50,good,Tag,NA,leg,3103
24187,8/17/2015,SsnB,StrII,4,7,65,73,,0,NA,NoTag,0,sub,3104
24188,8/17/2015,SsnB,StrII,4,7,88,99,,0,NA,NoTag,0,sub,3105
24189,8/17/2015,SsnB,StrII,4,8,116,130,HH2134,100,good,Tag,NA,leg,3106
24190,8/17/2015,SsnB,StrII,4,7,100,112,HF2134,150,good,Tag,NA,sub,3107
24191,8/17/2015,SsnB,StrII,4,7,117,131,HH2135,100,good,Tag,NA,leg,3108
24192,8/17/2015,SsnB,StrII,5,7,113,126,HF2135,150,good,Tag,NA,leg,3109
24193,8/17/2015,SsnB,StrII,5,8,171,191,,0,NA,NoTag,0,ovr,3110
24194,8/19/2015,SsnB,StrII,2,8,98,110,,0,NA,NoTag,0,sub,3111
24195,8/19/2015,SsnB,StrII,4,8,67,75,,0,NA,NoTag,0,sub,3113
24196,8/19/2015,SsnB,StrII,5,7,100,112,HH2136,100,fair,Tag,NA,sub,3114
24197,8/20/2015,SsnB,StrII,1,7,153,171,HF2136,150,good,Tag,NA,ovr,3117
24199,8/20/2015,SsnB,StrII,1,6,119,133,FF2137,50,good,Tag,NA,leg,3118
24200,8/20/2015,SsnB,StrII,1,8,154,172,HH2137,100,good,Tag,NA,ovr,3119
24201,8/20/2015,SsnB,StrII,2,7,156,174,HF2137,150,fair,Tag,NA,ovr,3121
24202,8/20/2015,SsnB,StrII,2,6,92,103,,0,NA,NoTag,0,sub,3122
24203,8/24/2015,SsnB,StrII,1,7,103,115,FF2138,50,good,Tag,NA,leg,3123
24204,8/24/2015,SsnB,StrII,4,6,88,99,,0,NA,NoTag,0,sub,3124
24205,8/24/2015,SsnB,StrII,4,7,101,113,HH2138,100,fair,Tag,NA,sub,3125
24210,8/25/2015,SsnB,StrII,1,7,101,113,HF2138,150,fair,Tag,NA,sub,3126
24211,8/25/2015,SsnB,StrII,3,7,100,112,FF2139,50,good,Tag,NA,sub,3127
24212,8/25/2015,SsnB,StrII,3,6,139,155,HH2139,100,good,Tag,NA,leg,3128
24213,8/26/2015,SsnB,StrII,1,6,90,101,,0,NA,NoTag,0,sub,3129
24214,8/26/2015,SsnB,StrII,1,8,166,185,FF2140,50,good,Tag,NA,ovr,3130
24215,8/26/2015,SsnB,StrII,1,8,116,130,HH2140,100,good,Tag,NA,leg,3131
24216,8/26/2015,SsnB,StrII,2,8,95,106,,0,NA,NoTag,0,sub,3132
24217,8/26/2015,SsnB,StrII,4,7,143,160,HF2140,150,good,Tag,NA,leg,3133
24218,8/27/2015,SsnB,StrII,1,7,94,105,,0,NA,NoTag,0,sub,3134
24219,8/27/2015,SsnB,StrII,2,8,125,140,FF2141,50,good,Tag,NA,leg,3135
24220,8/27/2015,SsnB,StrII,2,7,118,132,HH2141,100,good,Tag,NA,leg,3136
24221,8/27/2015,SsnB,StrII,2,6,108,121,HF2141,150,good,Tag,NA,leg,3137
24222,8/27/2015,SsnB,StrII,3,8,121,135,FF2142,50,good,Tag,NA,leg,3138
24223,8/27/2015,SsnB,StrII,4,8,98,110,,0,NA,NoTag,0,sub,3139
24224,8/27/2015,SsnB,StrII,5,7,92,103,,0,NA,NoTag,0,sub,3140
24225,8/31/2015,SsnB,StrII,2,8,93,104,,0,NA,NoTag,0,sub,3141
24226,8/31/2015,SsnB,StrII,3,7,90,101,,0,NA,NoTag,0,sub,3142
24227,8/31/2015,SsnB,StrII,5,8,103,115,FF2143,50,good,Tag,NA,leg,3143
24228,8/31/2015,SsnB,StrII,5,8,118,132,HH2143,100,good,Tag,NA,leg,3144
24229,9/1/2015,SsnB,StrII,1,6,173,193,FF2144,50,good,Tag,NA,ovr,3145
24230,9/1/2015,SsnB,StrII,3,8,117,131,HH2144,100,good,Tag,NA,leg,3146
24231,9/1/2015,SsnB,StrII,3,7,95,106,HF2144,150,good,Tag,NA,sub,3147
24232,9/1/2015,SsnB,StrII,3,8,61,69,,0,NA,NoTag,0,sub,3148
24233,9/1/2015,SsnB,StrII,4,8,127,142,FF2145,50,good,Tag,NA,leg,3149
24234,9/1/2015,SsnB,StrII,4,7,90,101,HH2145,100,good,Tag,NA,sub,3150
24237,9/1/2015,SsnB,StrII,4,8,109,122,HF2145,150,fair,Tag,NA,leg,3151
24239,9/1/2015,SsnB,StrII,5,8,120,134,FF2146,50,good,Tag,NA,leg,3152
24240,9/1/2015,SsnB,StrII,5,7,98,110,HH2146,100,good,Tag,NA,sub,3153
24241,9/3/2015,SsnB,StrII,1,8,100,112,HF2146,150,good,Tag,NA,sub,3154
24243,9/8/2015,SsnB,StrII,3,6,61,69,,0,NA,NoTag,0,sub,3155
24244,9/9/2015,SsnB,StrII,3,8,120,134,HH2147,100,fair,Tag,NA,leg,3156
24245,9/9/2015,SsnB,StrII,5,8,183,204,,0,NA,NoTag,0,ovr,3157
24248,9/10/2015,SsnB,StrII,1,8,96,108,HF2147,150,fair,Tag,NA,sub,3158
24249,9/10/2015,SsnB,StrII,3,6,140,156,FF2148,50,fair,Tag,NA,leg,3159
24250,9/15/2015,SsnB,StrII,1,6,95,106,HF2148,150,good,Tag,NA,sub,3160
24251,9/15/2015,SsnB,StrII,2,8,115,129,FF2149,50,good,Tag,NA,leg,3161
24252,9/15/2015,SsnB,StrII,3,8,102,114,HF2149,150,good,Tag,NA,leg,3163
24254,9/15/2015,SsnB,StrII,3,6,118,132,FF2150,50,good,Tag,NA,leg,3164
24255,9/15/2015,SsnB,StrII,4,8,128,143,HH2150,100,good,Tag,NA,leg,3165
24256,9/16/2015,SsnB,StrII,5,6,124,139,HF2151,150,good,Tag,NA,leg,3166
24257,9/16/2015,SsnB,StrII,5,7,169,188,FF2152,50,good,Tag,NA,ovr,3167
24258,9/17/2015,SsnB,StrII,2,8,162,181,HH2152,100,good,Tag,NA,ovr,3168
24259,9/17/2015,SsnB,StrII,2,6,107,120,HF2152,150,good,Tag,NA,leg,3169
24260,9/17/2015,SsnB,StrII,2,8,122,136,FF2153,50,fair,Tag,NA,leg,3170
24261,9/17/2015,SsnB,StrII,3,8,105,118,HH2153,100,good,Tag,NA,leg,3171
24262,9/17/2015,SsnB,StrII,3,6,149,166,HF2153,150,good,Tag,NA,leg,3172
24263,9/17/2015,SsnB,StrII,3,7,92,103,FF2154,50,good,Tag,NA,sub,3174
24264,9/17/2015,SsnB,StrII,4,7,120,134,HF2154,150,fair,Tag,NA,leg,3175
24265,9/17/2015,SsnB,StrII,5,6,101,113,FF2155,50,good,Tag,NA,sub,3176
24266,9/21/2015,SsnB,StrII,5,8,94,105,FF2156,50,good,Tag,NA,sub,3177
24267,9/22/2015,SsnB,NewAl,5,7,121,135,HH2169,100,good,Tag,NA,leg,3225
24268,9/22/2015,SsnB,StrII,1,6,125,140,HH2156,100,good,Tag,NA,leg,3178
24269,9/23/2015,SsnB,StrII,4,7,62,70,,0,NA,NoTag,0,sub,3179
24270,9/24/2015,SsnB,StrII,1,6,101,113,FF2157,50,good,Tag,NA,sub,3180
24271,9/28/2015,SsnB,StrII,1,8,102,114,HH2157,100,good,Tag,NA,leg,3181
24272,9/29/2015,SsnB,StrII,5,6,105,118,HF2180,150,good,Tag,NA,leg,3184
24273,9/29/2015,SsnB,StrII,5,8,177,197,HH2180,100,good,Tag,NA,ovr,3183
24274,10/1/2015,SsnB,StrII,1,8,107,120,HH2182,100,good,Tag,NA,leg,3185
24275,10/1/2015,SsnB,StrII,1,8,115,129,FF2182,50,good,Tag,NA,leg,3186
24276,10/1/2015,SsnB,StrII,1,6,91,102,HH2181,100,good,Tag,NA,sub,3187
24277,10/1/2015,SsnB,StrII,1,6,111,124,HF2181,150,good,Tag,NA,leg,3189
24278,10/1/2015,SsnB,StrII,3,6,106,119,HF2182,150,good,Tag,NA,leg,3190
24279,10/1/2015,SsnB,StrII,3,8,135,151,FF2183,50,good,Tag,NA,leg,3191
24280,10/1/2015,SsnB,NewAl,2,6,111,124,FF2170,50,good,Tag,NA,leg,3192
24281,10/5/2015,SsnB,StrII,2,7,63,71,,0,NA,NoTag,0,sub,3193
24282,10/5/2015,SsnB,StrII,2,7,64,72,,0,NA,NoTag,0,sub,3194
24283,10/5/2015,SsnB,StrII,4,8,100,112,HH2184,100,good,Tag,NA,sub,3196
24284,10/7/2015,SsnB,StrII,1,6,166,185,HF2184,150,good,Tag,NA,ovr,3197
24285,10/7/2015,SsnB,StrII,2,7,53,60,,0,NA,NoTag,0,sub,3199
24286,8/18/2015,SnPB,NewAl,2,8,124,139,HF2158,150,good,Tag,NA,leg,3202
24287,9/8/2015,SsnB,NewAl,4,8,94,105,HH2162,100,good,Tag,NA,sub,3204
24288,9/8/2015,SsnB,NewAl,4,8,117,131,HF2162,150,good,Tag,NA,leg,3205
24289,9/8/2015,SsnB,NewAl,4,8,105,118,FF2163,50,fair,Tag,NA,leg,3206
24290,9/9/2015,SsnB,NewAl,1,8,108,121,HH2163,100,fair,Tag,NA,leg,3207
24291,9/9/2015,SsnB,NewAl,5,8,93,104,FF2164,50,good,Tag,NA,sub,3208
24292,9/10/2015,SsnB,NewAl,1,8,109,122,HH2164,100,good,Tag,NA,leg,3209
24293,9/10/2015,SsnB,NewAl,2,8,123,137,HF2164,150,good,Tag,NA,leg,3210
24294,9/10/2015,SsnB,NewAl,3,8,113,126,FF2165,50,good,Tag,NA,leg,3211
24295,9/10/2015,SsnB,NewAl,3,6,150,167,HH2165,100,good,Tag,NA,leg,3212
24296,9/10/2015,SsnB,NewAl,4,8,99,111,HF2165,150,good,Tag,NA,sub,3213
24297,9/14/2015,SsnB,NewAl,1,8,123,137,FF2166,50,good,Tag,NA,leg,3214
24298,9/14/2015,SsnB,NewAl,2,8,111,124,HH2166,100,good,Tag,NA,leg,3215
24299,9/14/2015,SsnB,NewAl,4,8,110,123,HF2166,150,poor,Tag,NA,leg,3216
24300,9/16/2015,SsnB,NewAl,2,6,200,223,HH2167,100,good,Tag,NA,ovr,3217
24301,9/16/2015,SsnB,NewAl,3,7,90,101,FF2168,50,good,Tag,NA,sub,3218
24302,9/16/2015,SsnB,NewAl,3,7,68,77,,0,NA,NoTag,0,sub,3219
24303,9/16/2015,SsnB,NewAl,3,7,71,80,,0,NA,NoTag,0,sub,3220
24304,9/16/2015,SsnB,NewAl,3,8,71,80,,0,NA,NoTag,0,sub,3221
24305,9/16/2015,SsnB,NewAl,3,6,101,113,HH2168,100,good,Tag,NA,sub,3222
24306,9/16/2015,SsnB,NewAl,3,8,99,111,HF2168,150,good,Tag,NA,sub,3223
24307,9/21/2015,SsnB,NewAl,2,8,102,114,FF2169,50,good,Tag,NA,leg,3224
24308,9/28/2015,SsnB,NewAl,3,6,106,119,HF2169,150,good,Tag,NA,leg,3226
24309,10/5/2015,SsnB,NewAl,1,8,113,126,FF2171,50,good,Tag,NA,leg,3228
24310,10/5/2015,SsnB,NewAl,1,8,103,115,HH2171,100,good,Tag,NA,leg,3229
24311,10/6/2015,SsnB,NewAl,1,8,172,192,HF2171,150,good,Tag,NA,ovr,3230
24312,10/7/2015,SsnB,NewAl,2,7,68,77,,0,NA,NoTag,0,sub,3231
24313,10/8/2015,SsnB,NewAl,1,8,176,196,FF2172,50,good,Tag,NA,ovr,3232
24314,10/8/2015,SsnB,NewAl,2,7,129,144,HH2172,100,good,Tag,NA,leg,3233
24315,10/8/2015,SsnB,NewAl,2,8,107,120,HF2172,150,good,Tag,NA,leg,3234
24316,10/8/2015,SsnB,NewAl,2,7,105,118,FF2173,50,good,Tag,NA,leg,3235
24317,10/8/2015,SsnB,NewAl,2,7,109,122,FF2174,50,good,Tag,NA,leg,3236
24318,10/8/2015,SsnB,NewAl,4,7,65,73,,0,NA,NoTag,0,sub,3237
24319,10/15/2015,SsnB,NewAl,2,7,66,74,,0,NA,NoTag,0,sub,3239
24320,10/15/2015,SsnB,NewAl,4,7,68,77,,0,NA,NoTag,0,sub,3240
24321,10/15/2015,SsnB,NewAl,5,7,120,134,HF2177,150,good,Tag,NA,leg,3241
24322,10/15/2015,SsnB,NewAl,5,7,72,81,,0,NA,NoTag,0,sub,3242
24323,10/7/2015,SsnB,StrII,4,6,130,145,,0,good,Recap,NA,leg,3300
24324,10/8/2015,SsnB,StrII,1,8,142,158,HF2185,150,good,Tag,NA,leg,3301
24325,10/8/2015,SsnB,StrII,5,8,106,119,FF2187,50,good,Tag,NA,leg,3302
24326,10/12/2015,SsnB,StrII,2,7,93,104,HH2187,100,fair,Tag,NA,sub,3303
24327,10/12/2015,SsnB,StrII,4,8,109,122,FF2188,50,good,Tag,NA,leg,3304
24328,10/12/2015,SsnB,StrII,4,7,61,69,,0,NA,NoTag,0,sub,3305
24329,10/12/2015,SsnB,StrII,5,7,96,108,HH2188,100,fair,Tag,NA,sub,3306
24330,10/13/2015,SsnB,StrII,1,8,168,187,FF2189,50,fair,Tag,NA,ovr,3307
24331,10/13/2015,SsnB,StrII,2,8,110,123,HH2189,100,good,Tag,NA,leg,3308
24332,10/13/2015,SsnB,StrII,3,8,111,124,FF2190,50,good,Tag,NA,leg,3309
24333,10/13/2015,SsnB,StrII,4,8,104,116,HH2190,100,good,Tag,NA,leg,3310
24334,10/13/2015,SsnB,StrII,5,7,152,170,FF2191,50,good,Tag,NA,leg,3311
24335,10/13/2015,SsnB,StrII,5,6,58,66,,0,NA,NoTag,0,sub,3312
24336,10/13/2015,SsnB,StrII,5,7,127,142,HF2190,150,good,Tag,NA,leg,3313
24337,10/14/2015,SsnB,StrII,2,8,89,100,HH2191,100,good,Tag,NA,sub,3314
24338,10/14/2015,SsnB,StrII,4,6,127,142,FF2192,50,good,Tag,NA,leg,3315
24339,10/14/2015,SsnB,StrII,4,6,72,81,,0,NA,NoTag,0,sub,3316
24340,10/14/2015,SsnB,StrII,5,6,89,100,HH2192,100,good,Tag,NA,sub,3317
24341,10/15/2015,SsnB,StrII,1,8,108,121,HF2192,150,good,Tag,NA,leg,3318
24342,9/26/2016,SsnB,StrII,2,7,81,91,,0,NA,NoTag,0,sub,3319
24343,9/26/2016,SsnB,StrII,3,8,88,99,HH2303,100,good,Tag,NA,sub,3321
24344,9/26/2016,SsnB,StrII,3,8,75,84,,0,NA,NoTag,0,sub,3322
24345,9/26/2016,SsnB,StrII,3,8,114,128,FF2303,50,fair,Tag,NA,leg,3320
24346,9/27/2016,SsnB,StrII,1,6,114,128,HF2303,150,good,Tag,NA,leg,3323
24347,9/27/2016,SsnB,StrII,3,7,75,84,,0,NA,NoTag,0,sub,3324
24348,9/27/2016,SsnB,StrII,5,6,89,100,FF2304,50,good,Tag,NA,sub,3325
24349,9/27/2016,SsnB,StrII,5,6,84,94,,0,NA,NoTag,0,sub,3326
24350,9/28/2016,SsnB,StrII,1,6,84,94,,0,NA,NoTag,0,sub,3327
24351,9/28/2016,SsnB,StrII,3,6,79,89,,0,NA,NoTag,0,sub,3328
24352,9/28/2016,SsnB,StrII,3,6,90,101,HH2304,100,good,Tag,NA,sub,3329
24353,9/28/2016,SsnB,StrII,4,6,91,102,HF2304,150,fair,Tag,NA,sub,3330
24354,9/29/2016,SsnB,StrII,1,6,116,130,FF2305,50,good,Tag,NA,leg,3331
24355,9/29/2016,SsnB,StrII,1,6,75,84,,0,NA,NoTag,0,sub,3332
24356,9/29/2016,SsnB,StrII,1,6,75,84,,0,NA,NoTag,0,sub,3333
24357,9/29/2016,SsnB,StrII,3,6,67,75,,0,NA,NoTag,0,sub,3334
24358,9/29/2016,SsnB,StrII,4,6,80,90,,0,NA,NoTag,0,sub,3335
24359,10/3/2016,SsnB,NewAl,1,7,87,98,,0,NA,NoTag,0,sub,3336
24360,10/3/2016,SsnB,NewAl,2,7,95,106,FF2330,50,good,Tag,NA,sub,3337
24361,10/3/2016,SsnB,NewAl,3,7,92,103,HH2330,100,good,Tag,NA,sub,3338
24362,10/3/2016,SsnB,NewAl,3,7,169,188,HF2330,150,good,Tag,NA,ovr,3339
24363,10/3/2016,SsnB,NewAl,3,6,99,111,FF2331,50,good,Tag,NA,sub,3340
24364,10/3/2016,SsnB,NewAl,4,7,75,84,,0,NA,NoTag,0,sub,3341
24365,10/4/2016,SsnB,NewAl,3,6,95,106,HH2331,100,good,Tag,NA,sub,3342
24366,10/4/2016,SsnB,NewAl,3,8,104,116,HF2331,150,good,Tag,NA,leg,3343
24367,10/12/2016,SsnB,StrII,1,6,99,112,HF2308,150,good,Tag,NA,sub,3343
24368,10/4/2016,SsnB,NewAl,5,7,95,106,FF2332,50,good,Tag,NA,sub,3344
24369,10/5/2016,SsnB,NewAl,3,7,92,103,HH2332,100,good,Tag,NA,sub,3345
24370,10/5/2016,SsnB,NewAl,4,8,110,123,HF2332,150,good,Tag,NA,leg,3346
24371,10/11/2016,SsnB,StrII,1,6,86,102,HH2308,100,good,Tag,NA,sub,3347
24372,10/13/2016,SsnB,StrII,1,7,178,203,FF2309,50,good,Tag,NA,ovr,3349
24373,10/13/2016,SsnB,StrII,1,7,124,143,HH2309,100,good,Tag,NA,leg,3350
24374,10/13/2016,SsnB,StrII,3,6,66,74,,0,NA,NoTag,0,sub,3351
24376,10/17/2016,SsnB,NewAl,1,7,106,119,HF2334,150,good,Tag,NA,leg,3352
24377,10/17/2016,SsnB,NewAl,1,8,217,241,FF2335,50,good,Tag,NA,ovr,3353
24378,10/17/2016,SsnB,NewAl,3,7,115,129,HF2335,150,good,Tag,NA,leg,3355
24379,10/17/2016,SsnB,NewAl,4,7,106,119,FF2336,50,good,Tag,NA,leg,3356
24380,10/17/2016,SsnB,NewAl,5,6,87,98,HH2336,100,good,Tag,NA,sub,3357
24381,10/17/2016,SsnB,NewAl,5,6,100,112,HF2336,150,good,Tag,NA,sub,3358
24382,10/18/2016,SsnB,NewAl,2,7,77,87,,0,NA,NoTag,0,sub,3359
24383,10/19/2016,SsnB,NewAl,1,6,149,166,FF2337,50,good,Tag,NA,leg,3360
24384,10/19/2016,SsnB,NewAl,1,7,85,95,,0,NA,NoTag,0,sub,3361
24385,10/20/2016,SsnB,NewAl,4,6,129,144,HH2337,100,good,Tag,NA,leg,3362
24386,10/25/2016,SsnB,StrII,3,6,77,87,,0,NA,NoTag,0,sub,3363
24387,10/25/2016,SsnB,StrII,5,6,78,88,,0,NA,NoTag,0,sub,3364
24388,10/26/2016,SsnB,StrII,1,6,108,121,HF2312,150,good,Tag,NA,leg,3365
24389,10/26/2016,SsnB,StrII,2,6,127,142,FF2313,50,good,Tag,NA,leg,3366
24390,10/26/2016,SsnB,StrII,2,7,136,152,HH2313,100,good,Tag,NA,leg,3367
24391,10/26/2016,SsnB,StrII,2,7,107,120,HF2313,150,good,Tag,NA,leg,3368
24392,10/27/2016,SsnB,StrII,1,6,83,93,,0,NA,NoTag,0,sub,3369
24393,10/27/2016,SsnB,NewAl,3,6,89,100,HH2339,100,good,Tag,NA,sub,3435
24394,10/27/2016,SsnB,StrII,1,6,89,100,FF2314,50,good,Tag,NA,sub,3370
24395,10/27/2016,SsnB,StrII,1,8,100,112,HH2314,100,fair,Tag,NA,sub,3371
24396,10/27/2016,SsnB,StrII,2,6,99,111,HF2314,150,good,Tag,NA,sub,3372
24397,10/4/2016,SsnB,StrII,1,6,85,95,HH2305,100,good,Tag,NA,sub,3400
24398,10/4/2016,SsnB,StrII,2,8,86,97,FF2306,50,good,Tag,NA,sub,3402
24399,10/4/2016,SsnB,StrII,2,7,99,111,HH2306,100,good,Tag,NA,sub,3403
24400,10/5/2016,SsnB,StrII,2,7,110,123,HF2306,150,good,Tag,NA,leg,3404
24401,10/6/2016,SsnB,StrII,1,6,73,82,,0,NA,NoTag,0,sub,3405
24402,10/6/2016,SsnB,StrII,1,8,120,134,FF2307,50,good,Tag,NA,leg,3406
24403,10/6/2016,SsnB,StrII,1,8,66,74,,0,NA,NoTag,0,sub,3407
24404,10/6/2016,SsnB,StrII,2,6,78,88,,0,NA,NoTag,0,sub,3408
24405,10/6/2016,SsnB,StrII,3,6,87,99,HH2307,100,good,Tag,NA,sub,3409
24406,10/6/2016,SsnB,StrII,3,6,69,78,,0,NA,NoTag,0,sub,3410
24407,10/6/2016,SsnB,StrII,3,7,103,115,HF2307,150,good,Tag,NA,leg,3411
24410,10/11/2016,SsnB,NewAl,2,6,94,105,FF2333,50,good,Tag,NA,sub,3412
24411,10/12/2016,SsnB,NewAl,3,8,98,110,HH2333,100,good,Tag,NA,sub,3413
24412,10/12/2016,SsnB,NewAl,4,8,110,123,HF2333,150,good,Tag,NA,leg,3414
24413,10/12/2016,SsnB,NewAl,5,6,162,181,FF2334,50,good,Tag,NA,ovr,3415
24414,10/13/2016,SsnB,NewAl,2,7,107,120,HH2334,100,good,Tag,NA,leg,3416
24415,10/13/2016,SsnB,NewAl,5,6,78,88,,0,NA,NoTag,0,sub,3417
24416,10/17/2016,SsnB,StrII,3,7,87,99,HF2309,150,fair,Tag,NA,sub,3418
24417,10/17/2016,SsnB,StrII,4,6,103,117,FF2310,50,good,Tag,NA,leg,3419
24418,10/17/2016,SsnB,StrII,5,6,107,121,HH2310,100,fair,Tag,NA,leg,3420
24419,10/17/2016,SsnB,StrII,5,6,123,141,HF2310,150,good,Tag,NA,leg,3421
24420,10/17/2016,SsnB,StrII,6,7,81,91,,0,NA,NoTag,0,sub,3422
24421,10/18/2016,SsnB,StrII,3,6,119,135,FF2311,50,good,Tag,NA,leg,3423
24422,10/19/2016,SsnB,StrII,1,7,106,119,HH2311,100,good,Tag,NA,leg,3424
24423,10/19/2016,SsnB,StrII,2,7,131,147,HF2311,150,fair,Tag,NA,leg,3425
24424,10/20/2016,SsnB,StrII,3,6,118,134,FF2312,50,good,Tag,NA,leg,3427
24425,10/20/2016,SsnB,StrII,3,7,146,169,HH2312,100,fair,Tag,NA,leg,3428
24426,10/25/2016,SsnB,NewAl,1,7,102,114,HF2337,150,good,Tag,NA,leg,3429
24427,10/25/2016,SsnB,NewAl,5,6,100,112,HH2338,100,good,Tag,NA,sub,3431
24428,10/26/2016,SsnB,NewAl,1,6,67,75,,0,NA,NoTag,0,sub,3432
24429,10/27/2016,SsnB,NewAl,2,8,103,115,HF2338,150,good,Tag,NA,leg,3433
24430,10/27/2016,SsnB,NewAl,3,8,153,171,FF2339,50,good,Tag,NA,ovr,3434
24431,10/27/2016,SsnB,NewAl,4,6,81,91,,0,NA,NoTag,0,sub,3436
24432,8/7/2014,SsnB,StrII,1,6,107,120,ST12988,20,good,Tag,NA,leg,
24433,8/7/2014,SsnB,StrII,3,8,114,128,FF1988,50,good,Tag,NA,leg,
24434,8/6/2015,SnPB,NewAl,1,7,106,119,FF2158,50,good,Tag,NA,leg,
24435,8/6/2015,SnPB,NewAl,1,7,130,145,HH2158,100,good,Tag,NA,leg,
24437,8/6/2015,SsnB,StrII,1,6,65,73,,0,NA,NoTag,0,sub,
24438,8/6/2015,SsnB,StrII,1,6,69,78,,0,NA,NoTag,0,sub,
24439,8/6/2015,SsnB,StrII,2,6,88,99,FF2130,50,good,Tag,NA,sub,
24440,8/6/2015,SsnB,StrII,4,8,87,98,,0,NA,NoTag,0,sub,
24441,8/6/2015,SsnB,StrII,6,7,194,216,HH2130,100,good,Tag,NA,ovr,
24442,8/12/2015,SsnB,StrII,1,6,69,78,,0,NA,NoTag,0,sub,
24443,8/12/2015,SsnB,StrII,1,7,69,78,,0,NA,NoTag,0,sub,
24444,8/12/2015,SsnB,StrII,1,7,97,109,HF2130,150,good,Tag,NA,sub,
24445,8/12/2015,SsnB,StrII,2,6,87,98,,0,NA,NoTag,0,sub,
24446,8/12/2015,SsnB,StrII,2,8,95,106,FF2131,50,good,Tag,NA,sub,
24447,8/12/2015,SsnB,StrII,2,8,96,108,HH2131,100,good,Tag,NA,sub,
24448,8/12/2015,SsnB,StrII,3,6,69,78,,0,NA,NoTag,0,sub,
24449,8/12/2015,SsnB,StrII,3,8,69,78,,0,NA,NoTag,0,sub,
24450,8/12/2015,SsnB,StrII,4,6,67,75,,0,NA,NoTag,0,sub,
24451,8/12/2015,SsnB,StrII,4,6,74,83,,0,NA,NoTag,0,sub,
24453,8/12/2015,SsnB,StrII,4,8,75,84,,0,NA,NoTag,0,sub,
24454,8/12/2015,SsnB,StrII,4,8,108,121,HF2131,150,good,Tag,NA,leg,
24455,8/12/2015,SsnB,StrII,4,8,159,177,FF2132,50,good,Tag,NA,ovr,
24456,8/13/2015,SsnB,StrII,2,6,82,92,,0,NA,NoTag,0,sub,
24457,8/13/2015,SsnB,StrII,3,7,89,100,HH2132,100,good,Tag,NA,sub,
24458,8/13/2015,SsnB,StrII,3,8,101,113,HF2132,150,good,Tag,NA,sub,
24459,8/13/2015,SsnB,StrII,4,8,127,142,FF2133,50,good,Tag,NA,leg,
24460,8/13/2015,SsnB,StrII,5,6,61,69,,0,NA,NoTag,0,sub,
24461,8/13/2015,SsnB,StrII,5,6,75,84,,0,NA,NoTag,0,sub,
24462,8/13/2015,SsnB,StrII,5,7,86,97,,0,NA,NoTag,0,sub,
24463,8/13/2015,SsnB,StrII,5,7,93,104,HH2133,100,good,Tag,NA,sub,
24464,8/13/2015,SsnB,StrII,5,8,82,92,,0,NA,NoTag,0,sub,
24465,8/17/2015,SsnB,StrII,4,7,73,82,,0,NA,NoTag,0,sub,
24466,8/17/2015,SsnB,StrII,4,7,82,92,,0,NA,NoTag,0,sub,
24467,8/17/2015,SsnB,StrII,4,7,132,147,FF2135,50,good,Tag,NA,leg,
24468,8/17/2015,SsnB,StrII,4,8,84,94,,0,NA,NoTag,0,sub,
24469,8/17/2015,SsnB,StrII,5,8,145,162,FF2136,50,good,Tag,NA,leg,
24470,8/19/2015,SnPB,NewAl,1,7,78,88,,0,NA,NoTag,0,sub,
24471,8/19/2015,SnPB,NewAl,1,7,79,89,,0,NA,NoTag,0,sub,
24472,8/19/2015,SnPB,NewAl,1,7,79,89,,0,NA,NoTag,0,sub,
24473,8/19/2015,SsnB,StrII,1,8,86,97,,0,NA,NoTag,0,sub,
24474,8/20/2015,SnPB,NewAl,5,6,81,91,,0,NA,NoTag,0,sub,
24475,8/20/2015,SnPB,NewAl,6,7,87,98,,0,NA,NoTag,0,sub,
24476,8/24/2015,SsnB,StrII,3,6,76,85,,0,NA,NoTag,0,sub,
24477,8/25/2015,SsnB,NewAl,1,7,75,84,,0,NA,NoTag,0,sub,
24478,8/25/2015,SsnB,NewAl,2,6,140,156,FF2159,50,good,Tag,NA,leg,
24479,8/25/2015,SsnB,NewAl,4,6,93,104,HH2159,100,good,Tag,NA,sub,
24480,8/25/2015,SsnB,StrII,4,6,87,98,,0,NA,NoTag,0,sub,
24481,8/26/2015,SsnB,NewAl,1,7,73,82,,0,NA,NoTag,0,sub,
24482,8/26/2015,SsnB,NewAl,1,8,94,105,HF2159,150,good,Tag,NA,sub,
24483,8/26/2015,SsnB,NewAl,2,6,70,79,,0,NA,NoTag,0,sub,
24484,8/26/2015,SsnB,NewAl,2,6,151,168,FF2160,50,good,Tag,NA,leg,
24485,8/26/2015,SsnB,NewAl,2,7,82,92,,0,NA,NoTag,0,sub,
24486,8/26/2015,SsnB,StrII,1,7,133,149,HF2139,150,good,Tag,NA,leg,
24487,8/26/2015,SsnB,StrII,1,8,74,83,,0,NA,NoTag,0,sub,
24488,8/26/2015,SsnB,StrII,1,8,100,112,,0,NA,Recap,NA,sub,
24489,8/26/2015,SsnB,StrII,2,6,76,85,,0,NA,NoTag,0,sub,
24490,8/26/2015,SsnB,StrII,4,6,81,91,,0,NA,NoTag,0,sub,
24491,8/27/2015,SsnB,NewAl,2,8,146,163,HH2160,100,good,Tag,NA,leg,
24492,8/27/2015,SsnB,StrII,4,8,141,157,HH2142,100,good,Tag,NA,leg,
24493,8/31/2015,SsnB,NewAl,1,8,135,151,HF2160,150,fair,Tag,NA,leg,
24494,8/31/2015,SsnB,NewAl,3,6,75,84,,0,NA,NoTag,0,sub,
24495,8/31/2015,SsnB,NewAl,5,7,83,93,,0,NA,NoTag,0,sub,
24496,8/31/2015,SsnB,NewAl,5,7,102,114,HH2161,100,good,Tag,NA,leg,
24497,8/31/2015,SsnB,NewAl,5,8,100,112,FF2161,50,good,Tag,NA,sub,
24498,8/31/2015,SsnB,StrII,2,7,83,93,,0,NA,NoTag,0,sub,
24499,8/31/2015,SsnB,StrII,3,6,78,88,,0,NA,NoTag,0,sub,
24500,8/31/2015,SsnB,StrII,3,7,67,75,,0,NA,NoTag,0,sub,
24501,8/31/2015,SsnB,StrII,4,7,138,154,HF2142,150,good,Tag,NA,leg,
24502,9/1/2015,SsnB,NewAl,1,7,74,83,,0,NA,NoTag,0,sub,
24503,9/1/2015,SsnB,NewAl,4,7,139,155,HF2161,150,good,Tag,NA,leg,
24504,9/1/2015,SsnB,NewAl,5,7,114,128,FF2162,50,fair,Tag,NA,leg,
24505,9/1/2015,SsnB,StrII,1,6,88,99,,0,NA,NoTag,0,sub,
24506,9/1/2015,SsnB,StrII,1,7,137,153,HF2143,150,fair,Tag,NA,leg,
24507,9/1/2015,SsnB,StrII,3,7,87,98,,0,NA,NoTag,0,sub,
24508,9/1/2015,SsnB,StrII,4,7,80,90,,0,NA,NoTag,0,sub,
24509,9/3/2015,SsnB,StrII,3,6,86,97,,0,NA,NoTag,0,sub,
24510,9/8/2015,SsnB,NewAl,1,7,76,85,,0,NA,NoTag,0,sub,
24511,9/8/2015,SsnB,StrII,2,7,85,95,,0,NA,NoTag,0,sub,
24512,9/9/2015,SsnB,NewAl,3,7,76,85,,0,NA,NoTag,0,sub,
24513,9/9/2015,SsnB,NewAl,5,8,138,154,HF2163,150,good,Tag,NA,leg,
24514,9/9/2015,SsnB,StrII,1,8,132,147,FF2147,50,fair,Tag,NA,leg,
24515,9/9/2015,SsnB,StrII,2,6,84,94,,0,NA,NoTag,0,sub,
24516,9/9/2015,SsnB,StrII,2,7,81,91,,0,NA,NoTag,0,sub,
24518,9/9/2015,SsnB,StrII,4,6,74,83,,0,NA,NoTag,0,sub,
24519,9/10/2015,SsnB,NewAl,3,6,83,93,,0,NA,NoTag,0,sub,
24520,9/10/2015,SsnB,NewAl,3,7,84,94,,0,NA,NoTag,0,sub,
24521,9/10/2015,SsnB,NewAl,3,7,84,94,,0,NA,NoTag,0,sub,
24522,9/10/2015,SsnB,NewAl,3,8,83,93,,0,NA,NoTag,0,sub,
24523,9/10/2015,SsnB,StrII,4,8,98,110,HH2148,100,good,Tag,NA,sub,
24524,9/15/2015,SsnB,StrII,3,7,70,79,,0,NA,NoTag,0,sub,
24525,9/15/2015,SsnB,StrII,3,8,179,199,HH2149,100,good,Tag,NA,ovr,3162
24526,9/15/2015,SsnB,StrII,5,8,86,97,HF2150,150,good,Tag,NA,sub,
24527,9/16/2015,SsnB,NewAl,1,8,137,153,FF2167,50,good,Tag,NA,leg,
24528,9/16/2015,SsnB,NewAl,3,8,134,150,HF2167,150,good,Tag,NA,leg,
24529,9/16/2015,SsnB,StrII,2,6,98,110,FF2151,50,fair,Tag,NA,sub,
24530,9/16/2015,SsnB,StrII,5,6,145,162,HH2151,100,good,Tag,NA,leg,
24531,9/17/2015,SsnB,StrII,1,7,84,94,,0,NA,NoTag,0,sub,
24532,9/17/2015,SsnB,StrII,3,8,140,156,HH2154,100,fair,Tag,NA,leg,
24533,9/21/2015,SsnB,StrII,2,6,71,80,,0,NA,NoTag,0,sub,
24534,9/21/2015,SsnB,StrII,2,6,98,110,HH2155,100,fair,Tag,NA,sub,
24535,9/21/2015,SsnB,StrII,4,7,79,89,,0,NA,NoTag,0,sub,
24536,9/21/2015,SsnB,StrII,4,7,94,105,HF2155,150,fair,Tag,NA,sub,
24537,9/22/2015,SsnB,NewAl,5,8,111,124,,0,NA,NoTag,0,leg,
24538,9/22/2015,SsnB,StrII,4,8,94,105,HF2156,150,good,Tag,NA,sub,
24539,9/23/2015,SsnB,StrII,3,6,77,87,,0,NA,NoTag,0,sub,
24540,9/23/2015,SsnB,StrII,4,6,67,75,,0,NA,NoTag,0,sub,
24541,9/24/2015,SsnB,StrII,3,6,85,95,,0,NA,NoTag,0,sub,
24542,9/24/2015,SsnB,StrII,5,7,81,91,,0,NA,NoTag,0,sub,
24543,9/28/2015,SsnB,NewAl,3,8,85,96,,0,NA,NoTag,0,sub,
24544,9/28/2015,SsnB,StrII,3,8,132,147,HF2157,150,good,Tag,NA,leg,
24545,9/28/2015,SsnB,StrII,5,8,102,114,FF2180,50,good,Tag,NA,leg,
24546,9/29/2015,SsnB,NewAl,4,8,80,90,,0,NA,NoTag,0,sub,
24547,10/1/2015,SsnB,NewAl,1,7,76,85,,0,NA,NoTag,0,sub,
24548,10/1/2015,SsnB,NewAl,3,8,104,116,HH2170,100,fair,Tag,NA,leg,
24549,10/1/2015,SsnB,NewAl,4,7,82,92,,0,NA,NoTag,0,sub,
24550,10/1/2015,SsnB,StrII,1,8,121,135,FF2181,50,good,Tag,NA,leg,
24551,10/1/2015,SsnB,StrII,2,7,84,94,,0,NA,NoTag,0,sub,
24552,10/1/2015,SsnB,StrII,4,8,143,160,HH2183,100,good,Tag,NA,leg,
24553,10/1/2015,SsnB,StrII,5,7,75,84,,0,NA,NoTag,0,sub,
24554,10/1/2015,SsnB,StrII,5,7,111,124,FF2184,50,good,Tag,NA,leg,
24555,10/1/2015,SsnB,StrII,5,8,90,101,HF2183,150,good,Tag,NA,sub,
24556,10/5/2015,SsnB,NewAl,1,7,73,82,,0,NA,NoTag,0,sub,
24557,10/5/2015,SsnB,NewAl,1,8,92,103,HF2170,150,good,Tag,NA,sub,
24558,10/5/2015,SsnB,NewAl,3,7,76,85,,0,NA,NoTag,0,sub,
24559,10/5/2015,SsnB,StrII,2,7,81,91,,0,NA,NoTag,0,sub,
24560,10/5/2015,SsnB,StrII,4,7,86,97,,0,NA,NoTag,0,sub,
24561,10/6/2015,SsnB,NewAl,1,7,82,92,,0,NA,NoTag,0,sub,
24562,10/6/2015,SsnB,NewAl,1,7,82,92,,0,NA,NoTag,0,sub,
24563,10/6/2015,SsnB,NewAl,4,7,67,75,,0,NA,NoTag,0,sub,
24564,10/6/2015,SsnB,StrII,3,6,62,70,,0,NA,NoTag,0,sub,
24565,10/6/2015,SsnB,StrII,3,6,75,84,,0,NA,NoTag,0,sub,
24566,10/6/2015,SsnB,StrII,3,7,81,91,,0,NA,NoTag,0,sub,
24567,10/7/2015,SsnB,NewAl,2,7,70,79,,0,NA,NoTag,0,sub,
24568,10/7/2015,SsnB,StrII,1,6,70,79,,0,NA,NoTag,0,sub,
24569,10/7/2015,SsnB,StrII,1,6,81,91,,0,NA,NoTag,0,sub,
24570,10/7/2015,SsnB,StrII,1,7,70,79,,0,NA,NoTag,0,sub,
24571,10/7/2015,SsnB,StrII,2,6,76,85,,0,NA,NoTag,0,sub,
24572,10/7/2015,SsnB,StrII,2,7,78,88,,0,NA,NoTag,0,sub,
24573,10/7/2015,SsnB,StrII,3,6,80,90,,0,NA,NoTag,0,sub,
24574,10/7/2015,SsnB,StrII,3,7,72,81,,0,NA,NoTag,0,sub,
24575,10/7/2015,SsnB,StrII,4,6,79,89,,0,NA,NoTag,0,sub,
24576,10/7/2015,SsnB,StrII,4,8,94,105,HH2185,100,good,Tag,NA,sub,
24577,10/7/2015,SsnB,StrII,4,8,98,110,FF2185,50,good,Tag,NA,sub,
24578,10/8/2015,SsnB,NewAl,2,6,101,113,HH2173,100,good,Tag,NA,sub,
24579,10/8/2015,SsnB,NewAl,2,7,105,118,HF2173,150,good,Tag,NA,leg,
24580,10/8/2015,SsnB,NewAl,5,7,87,98,,0,NA,NoTag,0,sub,
24581,10/8/2015,SsnB,NewAl,5,7,89,100,HH2174,100,good,Tag,NA,sub,
24582,10/8/2015,SsnB,StrII,1,7,74,83,,0,NA,NoTag,0,sub,
24583,10/8/2015,SsnB,StrII,2,7,77,87,,0,NA,NoTag,0,sub,
24584,10/8/2015,SsnB,StrII,2,8,101,113,FF2186,50,good,Tag,NA,sub,
24585,10/8/2015,SsnB,StrII,3,7,67,75,,0,NA,NoTag,0,sub,
24586,10/8/2015,SsnB,StrII,3,7,71,80,,0,NA,NoTag,0,sub,
24587,10/8/2015,SsnB,StrII,3,7,75,84,,0,NA,NoTag,0,sub,
24588,10/8/2015,SsnB,StrII,3,7,145,162,HH2186,100,good,Tag,NA,leg,
24589,10/8/2015,SsnB,StrII,3,8,82,92,,0,NA,NoTag,0,sub,
24590,10/8/2015,SsnB,StrII,4,8,87,98,HF2186,150,good,Tag,NA,sub,
24591,10/12/2015,SsnB,NewAl,1,7,76,85,,0,NA,NoTag,0,sub,
24592,10/12/2015,SsnB,NewAl,1,7,147,164,FF2175,50,good,Tag,NA,leg,
24593,10/12/2015,SsnB,NewAl,1,7,147,164,HF2174,150,good,Tag,NA,leg,
24594,10/12/2015,SsnB,NewAl,4,7,90,101,HH2175,100,good,Tag,NA,sub,
24595,10/12/2015,SsnB,NewAl,5,6,107,120,HF2175,150,good,Tag,NA,leg,
24596,10/12/2015,SsnB,NewAl,5,7,75,84,,0,NA,NoTag,0,sub,
24597,10/12/2015,SsnB,NewAl,5,7,80,90,,0,NA,NoTag,0,sub,
24598,10/12/2015,SsnB,StrII,3,8,101,113,HF2187,150,good,Tag,NA,sub,
24599,10/12/2015,SsnB,StrII,4,6,79,89,,0,NA,NoTag,0,sub,
24600,10/12/2015,SsnB,StrII,4,7,69,78,,0,NA,NoTag,0,sub,
24601,10/12/2015,SsnB,StrII,4,8,78,88,,0,NA,NoTag,0,sub,
24602,10/12/2015,SsnB,StrII,4,8,81,91,,0,NA,NoTag,0,sub,
24603,10/12/2015,SsnB,StrII,5,8,70,79,,0,NA,NoTag,0,sub,
24604,10/13/2015,SsnB,NewAl,2,6,140,156,FF2176,50,good,Tag,NA,leg,
24605,10/13/2015,SsnB,NewAl,2,7,73,82,,0,NA,NoTag,0,sub,
24606,10/13/2015,SsnB,NewAl,3,7,105,118,HH2176,100,good,Tag,NA,leg,
24607,10/13/2015,SsnB,NewAl,5,7,70,79,,0,NA,NoTag,0,sub,
24608,10/13/2015,SsnB,StrII,1,8,94,105,HF2188,150,fair,Tag,NA,sub,
24609,10/13/2015,SsnB,StrII,3,6,76,85,,0,NA,NoTag,0,sub,
24610,10/13/2015,SsnB,StrII,3,8,111,124,HF2189,150,good,Tag,NA,leg,
24611,10/13/2015,SsnB,StrII,5,8,67,75,,0,NA,NoTag,0,sub,
24612,10/14/2015,SsnB,NewAl,1,6,88,99,HF2176,150,good,Tag,NA,sub,
24613,10/14/2015,SsnB,NewAl,1,7,80,90,,0,NA,NoTag,0,sub,
24614,10/14/2015,SsnB,NewAl,4,7,70,79,,0,NA,NoTag,0,sub,
24615,10/14/2015,SsnB,NewAl,4,7,92,103,FF2177,50,good,Tag,NA,sub,
24616,10/14/2015,SsnB,NewAl,5,7,76,85,,0,NA,NoTag,0,sub,
24617,10/14/2015,SsnB,NewAl,5,8,90,101,,0,NA,NoTag,0,sub,
24618,10/14/2015,SsnB,StrII,3,6,84,94,,0,NA,NoTag,0,sub,
24619,10/14/2015,SsnB,StrII,3,6,93,104,HF2191,150,good,Tag,NA,sub,
24620,10/15/2015,SsnB,NewAl,2,8,133,149,HH2177,100,fair,Tag,NA,leg,
24621,10/15/2015,SsnB,NewAl,5,7,69,78,,0,NA,NoTag,0,sub,
24622,10/15/2015,SsnB,StrII,2,6,67,75,,0,NA,NoTag,0,sub,
24623,10/15/2015,SsnB,StrII,2,8,101,113,FF2193,50,good,Tag,NA,sub,
24624,10/15/2015,SsnB,StrII,3,8,141,157,HH2193,100,good,Tag,NA,leg,
24625,10/15/2015,SsnB,StrII,4,7,80,90,,0,NA,NoTag,0,sub,
24626,10/19/2015,SsnB,StrII,1,7,86,97,,0,NA,NoTag,0,sub,
24627,10/19/2015,SsnB,StrII,5,6,91,102,HF2193,150,fair,Tag,NA,sub,
24628,10/20/2015,SsnB,StrII,3,8,139,155,FF2194,50,good,Tag,NA,leg,
24629,10/21/2015,SsnB,NewAl,2,6,86,97,,0,NA,NoTag,0,sub,
24630,10/21/2015,SsnB,NewAl,2,6,92,103,,0,NA,NoTag,0,sub,
24631,10/21/2015,SsnB,NewAl,2,7,92,103,,0,NA,NoTag,0,sub,
24632,10/21/2015,SsnB,NewAl,3,6,93,104,,0,NA,NoTag,0,sub,
24633,10/21/2015,SsnB,NewAl,5,8,92,103,,0,NA,NoTag,0,sub,
24634,10/21/2015,SsnB,StrII,1,7,70,79,,0,NA,NoTag,0,sub,
24635,10/21/2015,SsnB,StrII,1,7,74,83,,0,NA,NoTag,0,sub,
24636,10/21/2015,SsnB,StrII,1,7,75,84,,0,NA,NoTag,0,sub,
24637,10/21/2015,SsnB,StrII,1,7,80,90,,0,NA,NoTag,0,sub,
24638,10/21/2015,SsnB,StrII,1,8,101,113,HH2194,100,good,Tag,NA,sub,
24639,10/21/2015,SsnB,StrII,2,7,70,79,,0,NA,NoTag,0,sub,
24640,10/21/2015,SsnB,StrII,3,7,68,77,,0,NA,NoTag,0,sub,
24641,10/21/2015,SsnB,StrII,4,7,84,94,,0,NA,NoTag,0,sub,
24642,10/22/2015,SsnB,StrII,1,7,64,72,,0,NA,NoTag,0,sub,
24643,10/22/2015,SsnB,StrII,1,7,73,82,,0,NA,NoTag,0,sub,
24644,10/22/2015,SsnB,StrII,2,6,91,102,HF2194,150,good,Tag,NA,sub,
24645,10/22/2015,SsnB,StrII,2,8,92,103,FF2195,50,good,Tag,NA,sub,
24646,10/22/2015,SsnB,StrII,4,7,87,98,,0,NA,NoTag,0,sub,
24647,10/22/2015,SsnB,StrII,5,7,71,80,,0,NA,NoTag,0,sub,
24648,9/14/2016,SsnB,StrII,1,7,82,92,,0,NA,NoTag,0,sub,
24649,9/14/2016,SsnB,StrII,1,8,114,128,HH2300,100,good,Tag,NA,leg,
24650,9/14/2016,SsnB,StrII,1,8,146,163,FF2300,50,good,Tag,NA,leg,
24651,9/14/2016,SsnB,StrII,2,8,101,113,HF2300,150,good,Tag,NA,sub,
24652,9/14/2016,SsnB,StrII,2,8,150,167,FF2301,50,good,Tag,NA,leg,
24653,9/14/2016,SsnB,StrII,3,6,80,90,,0,NA,NoTag,0,sub,
24654,9/14/2016,SsnB,StrII,5,8,120,134,HH2301,100,good,Tag,NA,leg,
24655,9/14/2016,SsnB,StrII,5,8,160,178,HF2301,150,good,Tag,NA,ovr,
24656,9/20/2016,SsnB,StrII,3,7,143,160,FF2302,50,good,Tag,NA,leg,
24657,9/20/2016,SsnB,StrII,3,8,88,99,HH2302,100,good,Tag,NA,sub,
24658,9/21/2016,SsnB,StrII,1,6,99,111,HF2302,150,good,Tag,NA,sub,
24659,9/21/2016,SsnB,StrII,4,6,79,89,,0,NA,NoTag,0,sub,
24660,9/22/2016,SsnB,StrII,2,6,70,79,,0,NA,NoTag,0,sub,
24661,9/22/2016,SsnB,StrII,3,6,84,94,,0,NA,NoTag,0,sub,
24662,9/22/2016,SsnB,StrII,4,6,70,79,,0,NA,NoTag,0,sub,
24663,9/22/2016,SsnB,StrII,4,6,71,80,,0,NA,NoTag,0,sub,
24664,9/22/2016,SsnB,StrII,4,6,73,82,,0,NA,NoTag,0,sub,
24665,9/22/2016,SsnB,StrII,4,6,73,82,,0,NA,NoTag,0,sub,
24666,9/22/2016,SsnB,StrII,4,6,82,92,,0,NA,NoTag,0,sub,
24667,9/22/2016,SsnB,StrII,4,6,83,93,,0,NA,NoTag,0,sub,
24668,9/22/2016,SsnB,StrII,4,8,74,83,,0,NA,NoTag,0,sub,
24669,9/23/2016,SsnB,StrII,1,6,68,77,,0,NA,NoTag,0,sub,
24670,9/23/2016,SsnB,StrII,2,6,65,73,,0,NA,NoTag,0,sub,
24671,9/23/2016,SsnB,StrII,5,6,78,88,,0,NA,NoTag,0,sub,
24672,10/4/2016,SsnB,StrII,1,7,80,90,HF2305,150,good,Tag,NA,sub,
24673,10/6/2016,SsnB,NewAl,2,7,79,89,,0,NA,NoTag,0,sub,
24674,10/6/2016,SsnB,StrII,1,6,73,82,,0,NA,NoTag,0,sub,
24675,10/6/2016,SsnB,StrII,2,7,73,82,,0,NA,NoTag,0,sub,
24676,10/10/2016,SsnB,StrII,5,8,105,118,FF2308,50,fair,Tag,NA,leg,
24677,10/12/2016,SsnB,StrII,2,6,99,111,,0,good,Recap,NA,sub,
24678,10/13/2016,SsnB,StrII,2,8,178,198,,0,fair,Recap,NA,ovr,
24679,10/17/2016,SsnB,NewAl,2,8,114,128,HH2335,100,good,Tag,NA,leg,
24680,10/20/2016,SsnB,StrII,2,7,75,86,,0,NA,NoTag,0,sub,
24681,10/25/2016,SsnB,NewAl,3,8,90,101,FF2338,50,good,Tag,NA,sub,3430
